user_id,country,date_joined,joined_time,enrolment-date,enrolment_time,organisation,course_number,grade,date_earned,earned_time,modules_attempted
7,,2024-08-20,09:31:36,2024-10-11,09:10:46,CECOLAB,MC09_SHERLOCK_v1,,,,0
7,,2024-08-20,09:31:36,2024-09-26,12:13:11,CECOLAB,SHERLOCK_MC09,,,,0
7,,2024-08-20,09:31:36,2024-09-22,12:32:10,DTU,MC28v1,,,,0
7,,2024-08-20,09:31:36,2025-02-13,15:27:42,DTU,MC29v1,,,,0
7,,2024-08-20,09:31:36,2024-10-17,14:40:20,DTU,MC30v1,,,,3
7,,2024-08-20,09:31:36,2025-02-13,15:32:23,DTU,MC31v1,,,,0
7,,2024-08-20,09:31:36,2024-09-05,10:50:21,DTU,MC32v1,,,,0
7,,2024-08-20,09:31:36,2025-02-13,15:43:26,HU,MC40v1,,,,0
7,,2024-08-20,09:31:36,2025-02-13,15:45:33,HU,MC42v1,,,,0
7,,2024-08-20,09:31:36,2025-01-08,17:12:15,HU,MC43v1,,,,51
7,,2024-08-20,09:31:36,2024-09-22,12:34:01,NUIM,IVI001,,,,0
7,,2024-08-20,09:31:36,2024-08-30,10:20:56,NUIM,MC01v1,,,,0
7,,2024-08-20,09:31:36,2024-10-10,15:19:35,NUIM,MC02v1,,,,131
7,,2024-08-20,09:31:36,2025-02-12,14:25:16,NUIM,MC03v1,,,,0
7,,2024-08-20,09:31:36,2024-09-26,12:30:19,NUIM,MC04v1,,,,0
7,,2024-08-20,09:31:36,2024-10-01,12:57:07,NUIM,MC05v1,,,,0
7,,2024-08-20,09:31:36,2024-08-28,14:21:40,Res4City,EAB,,,,0
7,,2024-08-20,09:31:36,2024-08-28,04:33:16,Res4City,ECA,,,,0
7,,2024-08-20,09:31:36,2024-09-19,18:09:28,test,test101,,,,0
7,,2024-08-20,09:31:36,2025-02-13,14:09:27,UCOI,MC12v1,,,,0
7,,2024-08-20,09:31:36,2025-02-13,14:12:35,UCOI,MC13v1,,,,0
7,,2024-08-20,09:31:36,2025-02-13,15:06:56,UCOI,MC15v1,,,,0
7,,2024-08-20,09:31:36,2024-09-02,10:15:25,UGA,MC33v1,,,,0
7,,2024-08-20,09:31:36,2024-11-05,12:41:53,UGA,MC34v1,,,,7
7,,2024-08-20,09:31:36,2025-02-13,15:38:28,UGA,MC36v1,,,,0
7,,2024-08-20,09:31:36,2024-09-05,10:29:17,UGA,MC37v1,,,,0
7,,2024-08-20,09:31:36,2024-09-19,12:32:54,UNIPAR,MC07v1,,,,0
7,,2024-08-20,09:31:36,2025-02-13,14:02:48,UNIPAR,MC08v1,,,,0
7,,2024-08-20,09:31:36,2024-09-05,10:36:48,UNIPAR,MC09v1,,,,0
7,,2024-08-20,09:31:36,2024-12-17,15:31:42,UNISS,MC24v1,,,,0
7,,2024-08-20,09:31:36,2024-09-02,10:55:45,UNISS,MC26,,,,0
7,,2024-08-20,09:31:36,2024-09-02,10:10:52,UNISS,MC26v1,,,,0
7,,2024-08-20,09:31:36,2024-09-05,10:16:21,UNISS,MC26v2,,,,0
7,,2024-08-20,09:31:36,2024-11-20,10:46:20,UPV,MC18v1,,,,0
7,,2024-08-20,09:31:36,2024-12-03,14:03:00,UPV,MC19v1,,,,1
7,,2024-08-20,09:31:36,2025-02-13,15:13:19,UPV,MC20v1,,,,0
7,,2024-08-20,09:31:36,2024-11-12,13:41:46,UPV,MC21v1,,,,0
10,,2024-08-23,07:24:40,2024-08-23,07:29:54,HU,MC40v1,,,,0
10,,2024-08-23,07:24:40,2024-11-25,08:27:16,HU,MC44v1,,,,0
11,,2024-08-23,08:00:54,2024-10-21,14:17:53,DTU,MC27v1,,,,46
11,,2024-08-23,08:00:54,2024-08-23,08:02:18,UNISS,MC26,,,,0
14,,2024-08-26,09:10:17,2024-10-19,14:37:56,CECOLAB,MC09_SHERLOCK_v1,,,,0
14,,2024-08-26,09:10:17,2024-09-06,09:27:14,UNIPAR,MC07v1,,,,0
14,,2024-08-26,09:10:17,2024-09-06,09:14:02,UNIPAR,MC08v1,,,,0
14,,2024-08-26,09:10:17,2024-09-06,08:40:36,UNIPAR,MC09v1,,,,0
14,,2024-08-26,09:10:17,2024-10-06,21:50:57,UNISS,MC23v1,,,,0
15,,2024-08-26,12:23:21,2024-10-21,10:18:41,DTU,MC27v1,,,,45
15,,2024-08-26,12:23:21,2024-10-14,10:14:57,DTU,MC30v1,,,,35
15,,2024-08-26,12:23:21,2024-09-16,10:47:22,DTU,MC31v1,,,,0
15,,2024-08-26,12:23:21,2024-09-09,12:36:04,DTU,MC32v1,,,,0
15,,2024-08-26,12:23:21,2025-01-09,14:54:06,HU,MC39v1,,,,0
15,,2024-08-26,12:23:21,2024-10-21,10:43:27,HU,MC44v1,,,,20
15,,2024-08-26,12:23:21,2024-09-09,12:46:25,NUIM,MC01v1,,,,0
15,,2024-08-26,12:23:21,2024-09-30,10:21:10,NUIM,MC02v1,,,,1
15,,2024-08-26,12:23:21,2024-09-30,10:40:00,NUIM,MC03v1,,,,0
15,,2024-08-26,12:23:21,2024-09-30,11:00:17,NUIM,MC04v1,,,,0
15,,2024-08-26,12:23:21,2024-10-14,10:31:51,NUIM,MC05v1,,,,32
15,,2024-08-26,12:23:21,2024-09-10,10:48:24,NUIM,MC06v1,,,,0
15,,2024-08-26,12:23:21,2024-09-23,10:28:01,UCOI,MC11v1,,,,0
15,,2024-08-26,12:23:21,2024-10-11,15:36:45,UCOI,MC13v1,,,,4
15,,2024-08-26,12:23:21,2024-10-15,11:39:34,UCOI,MC14v1,,,,3
15,,2024-08-26,12:23:21,2024-10-21,09:12:19,UCOI,MC15v1,,,,3
15,,2024-08-26,12:23:21,2024-09-16,10:52:46,UCOI,MC16v1,,,,0
15,,2024-08-26,12:23:21,2024-08-26,12:26:07,UGA,MC33v1,,,,0
15,,2024-08-26,12:23:21,2024-10-07,10:14:04,UGA,MC34v1,,,,40
15,,2024-08-26,12:23:21,2024-10-07,10:15:00,UGA,MC35v1,,,,9
15,,2024-08-26,12:23:21,2024-09-23,11:11:12,UGA,MC36v1,,,,0
15,,2024-08-26,12:23:21,2024-08-26,12:35:19,UGA,MC37v1,,,,0
15,,2024-08-26,12:23:21,2024-10-08,10:12:10,UGA,MC38v1,,,,34
15,,2024-08-26,12:23:21,2025-02-06,14:04:21,UNIPAR,MC08v1,,,,3
15,,2024-08-26,12:23:21,2024-09-09,12:29:08,UNIPAR,MC09v1,,,,0
15,,2024-08-26,12:23:21,2024-09-23,10:46:43,UNISS,MC22v1,,,,0
15,,2024-08-26,12:23:21,2024-09-23,10:54:03,UNISS,MC23v1,,,,0
15,,2024-08-26,12:23:21,2024-12-20,14:17:08,UNISS,MC24v1,,,,18
15,,2024-08-26,12:23:21,2024-10-07,11:03:20,UNISS,MC25v1,,,,30
15,,2024-08-26,12:23:21,2024-11-05,14:05:36,UNISS,MC26v2,,,,0
15,,2024-08-26,12:23:21,2024-09-09,12:07:38,UPV,MC21v1,,,,0
20,,2024-09-05,11:38:56,2024-09-05,11:40:14,UNISS,MC26v2,,,,0
20,,2024-09-05,11:38:56,2024-11-08,15:04:53,UPV,MC20v1,,,,2
24,,2024-09-18,04:33:50,2024-09-18,04:36:58,NUIM,MC06v1,,,,1
27,,2024-09-24,11:21:00,2024-10-16,14:41:54,DTU,MC27v1,90.0,2024-10-16,15:59:05,58
27,,2024-09-24,11:21:00,2024-09-24,11:23:19,UGA,MC35v1,,,,0
29,,2024-09-25,08:12:34,2024-10-22,19:53:58,DTU,MC28v1,,,,60
29,,2024-09-25,08:12:34,2024-09-25,08:18:49,UPV,MC17v1,65.0,2024-10-04,20:49:27,71
31,,2024-10-02,23:16:31,2024-10-02,23:19:39,Res4City,EAB,,,,0
31,,2024-10-02,23:16:31,2024-10-02,23:20:06,Res4City,ECA,,,,0
31,,2024-10-02,23:16:31,2024-10-02,23:18:48,UCOI,MC12v1,,,,0
32,,2024-10-08,08:47:22,2025-01-06,09:19:42,UGA,MC34v1,88.0,2025-01-09,13:45:10,55
33,,2024-10-08,11:56:41,2024-10-08,12:25:19,NUIM,IVI001,,,,0
33,,2024-10-08,11:56:41,2024-10-08,12:21:13,UCOI,MC12v1,,,,26
34,,2024-10-10,08:31:24,2024-10-22,08:13:40,HU,MC41v1,,,,89
34,,2024-10-10,08:31:24,2024-10-10,08:32:29,UGA,MC34v1,,,,57
35,,2024-10-11,10:26:37,2024-10-11,10:35:21,HU,MC41v1,,,,1
43,BQ,2024-10-12,05:36:15,2024-10-19,08:16:43,DTU,MC27v1,90.0,2024-10-19,08:31:58,45
43,BQ,2024-10-12,05:36:15,2024-10-16,10:14:26,DTU,MC28v1,80.0,2024-10-16,11:08:10,48
43,BQ,2024-10-12,05:36:15,2024-10-15,13:50:51,DTU,MC30v1,,,,35
43,BQ,2024-10-12,05:36:15,2024-10-19,08:32:30,DTU,MC31v1,63.0,2024-10-19,08:39:04,20
43,BQ,2024-10-12,05:36:15,2024-10-16,11:11:35,DTU,MC32v1,92.0,2024-10-16,11:50:28,32
43,BQ,2024-10-12,05:36:15,2024-10-18,09:58:02,HU,MC39v1,,,,10
43,BQ,2024-10-12,05:36:15,2024-10-16,06:41:28,HU,MC40v1,94.0,2024-10-16,07:44:28,55
43,BQ,2024-10-12,05:36:15,2024-10-21,06:08:46,HU,MC41v1,,,,73
43,BQ,2024-10-12,05:36:15,2024-10-16,15:19:12,HU,MC43v1,,,,1
43,BQ,2024-10-12,05:36:15,2024-10-16,12:01:49,HU,MC44v1,94.0,2024-10-18,04:32:34,55
43,BQ,2024-10-12,05:36:15,2024-10-12,07:29:52,NUIM,IVI001,,,,0
43,BQ,2024-10-12,05:36:15,2024-10-19,08:55:47,NUIM,MC01v1,80.0,2024-10-19,09:06:37,44
43,BQ,2024-10-12,05:36:15,2024-10-18,04:33:26,NUIM,MC02v1,82.0,2024-10-19,07:06:49,135
43,BQ,2024-10-12,05:36:15,2024-10-12,12:41:14,NUIM,MC05v1,,,,42
43,BQ,2024-10-12,05:36:15,2025-01-02,11:11:38,NUIM,MC06v1,,,,1
43,BQ,2024-10-12,05:36:15,2024-10-21,13:28:39,UCOI,MC11v1,54.0,2025-01-02,07:26:43,41
43,BQ,2024-10-12,05:36:15,2025-01-02,11:14:13,UCOI,MC12v1,,,,42
43,BQ,2024-10-12,05:36:15,2024-10-12,08:04:37,UCOI,MC13v1,,,,13
43,BQ,2024-10-12,05:36:15,2024-10-12,13:37:40,UCOI,MC14v1,74.0,2024-10-14,14:11:44,49
43,BQ,2024-10-12,05:36:15,2024-10-12,12:40:48,UCOI,MC15v1,,,,0
43,BQ,2024-10-12,05:36:15,2024-10-19,08:39:26,UCOI,MC16v1,78.0,2024-10-19,08:55:25,43
43,BQ,2024-10-12,05:36:15,2024-10-14,13:13:09,UGA,MC33v1,,,,0
43,BQ,2024-10-12,05:36:15,2025-01-02,11:07:36,UGA,MC34v1,,,,0
43,BQ,2024-10-12,05:36:15,2024-12-24,06:57:02,UGA,MC37v1,,,,45
43,BQ,2024-10-12,05:36:15,2024-10-23,06:46:47,UGA,MC38v1,,,,1
43,BQ,2024-10-12,05:36:15,2024-10-16,13:34:15,UNIPAR,MC07v1,,,,4
43,BQ,2024-10-12,05:36:15,2024-10-15,10:11:49,UNIPAR,MC08v1,,,,17
43,BQ,2024-10-12,05:36:15,2024-10-19,07:40:30,UNISS,MC22v1,92.0,2024-10-19,08:12:23,52
43,BQ,2024-10-12,05:36:15,2024-10-19,07:07:10,UNISS,MC23v1,75.0,2024-10-19,07:40:06,53
43,BQ,2024-10-12,05:36:15,2024-10-12,08:07:44,UNISS,MC24v1,,,,1
43,BQ,2024-10-12,05:36:15,2024-10-19,09:09:26,UNISS,MC25v1,90.0,2024-10-19,09:16:34,30
43,BQ,2024-10-12,05:36:15,2024-12-24,05:43:09,UNISS,MC26v2,,,,104
43,BQ,2024-10-12,05:36:15,2024-10-14,11:18:31,UPV,MC18v1,,,,16
43,BQ,2024-10-12,05:36:15,2024-10-16,07:48:15,UPV,MC19v1,,,,83
43,BQ,2024-10-12,05:36:15,2024-10-14,13:13:28,UPV,MC21v1,,,,0
44,,2024-10-14,12:55:13,2024-10-14,12:55:23,DTU,MC30v1,,,,1
46,BS,2024-10-15,04:30:31,2024-10-15,06:10:25,HU,MC42v1,,,,2
46,BS,2024-10-15,04:30:31,2024-10-15,06:03:43,NUIM,IVI001,,,,0
46,BS,2024-10-15,04:30:31,2024-10-15,06:25:40,UCOI,MC13v1,,,,0
46,BS,2024-10-15,04:30:31,2024-10-15,06:16:03,UNIPAR,MC07v1,,,,0
54,,2024-10-15,19:31:35,2024-10-15,19:32:07,UCOI,MC14v1,,,,1
55,,2024-10-16,11:25:41,2024-10-17,12:18:57,HU,MC42v1,,,,68
55,,2024-10-16,11:25:41,2024-10-17,09:00:51,UCOI,MC14v1,,,,27
59,,2024-10-17,10:09:54,2024-10-20,10:10:35,UGA,MC38v1,,,,34
59,,2024-10-17,10:09:54,2024-10-20,08:38:58,UPV,MC17v1,,,,14
60,,2024-10-17,10:25:08,2024-10-17,10:25:23,UGA,MC35v1,92.0,2024-10-18,14:14:53,38
60,,2024-10-17,10:25:08,2024-10-18,14:19:34,UGA,MC36v1,,,,38
68,,2024-10-21,11:00:12,2024-10-21,11:21:10,UNIPAR,MC07v1,,,,0
74,FR,2024-10-26,03:27:40,2024-10-26,03:28:21,UGA,MC34v1,,,,0
76,BG,2024-10-31,06:28:19,2024-10-31,06:30:31,UCOI,MC12v1,,,,0
77,IT,2024-11-06,11:35:52,2024-11-06,11:36:03,UGA,MC33v1,,,,14
81,BW,2024-11-07,11:50:28,2024-11-07,11:51:41,UCOI,MC12v1,,,,24
81,BW,2024-11-07,11:50:28,2024-12-06,17:39:31,UNIPAR,MC09v1,80.0,2024-12-12,15:21:33,40
82,FR,2024-11-07,14:44:34,2024-11-07,15:07:53,UCOI,MC12v1,,,,5
82,FR,2024-11-07,14:44:34,2024-11-07,14:45:01,UCOI,MC13v1,,,,1
83,GB,2024-11-07,16:27:56,2024-11-07,16:32:06,HU,MC44v1,,,,0
85,PT,2024-11-09,00:16:03,2024-11-09,00:16:15,HU,MC44v1,,,,21
86,BE,2024-11-11,11:52:48,2024-11-11,11:56:43,HU,MC43v1,,,,0
87,IE,2024-11-11,12:20:44,2024-11-11,12:22:00,UPV,MC20v1,,,,31
88,IE,2024-11-11,15:39:40,2024-11-11,15:43:59,NUIM,MC02v1,,,,0
89,IE,2024-11-12,09:06:07,2024-11-12,09:06:11,HU,MC44v1,91.0,2024-11-12,09:21:29,53
90,IE,2024-11-12,10:28:21,2024-11-12,10:28:30,HU,MC44v1,91.0,2024-11-12,10:44:21,53
91,IE,2024-11-12,11:12:34,2024-11-12,11:15:18,HU,MC44v1,97.0,2024-11-12,14:28:48,65
92,ES,2024-11-12,11:42:28,2024-11-12,11:42:34,HU,MC44v1,97.0,2024-11-29,23:13:24,67
93,IE,2024-11-12,11:42:39,2024-11-12,11:42:45,HU,MC44v1,97.0,2024-11-30,00:02:22,67
94,IE,2024-11-12,12:08:41,2024-11-12,13:38:42,HU,MC44v1,90.0,2024-11-19,17:03:06,64
95,IE,2024-11-12,12:08:49,2024-11-12,12:10:24,HU,MC44v1,97.0,2024-11-18,21:15:50,67
96,IE,2024-11-12,12:09:13,2024-11-12,12:17:02,HU,MC44v1,91.0,2024-11-22,13:29:02,67
97,IE,2024-11-12,12:10:11,2024-11-12,12:10:21,HU,MC44v1,93.0,2024-11-12,21:22:20,66
98,IE,2024-11-12,12:10:19,2024-11-12,12:11:05,HU,MC44v1,94.0,2024-11-21,21:28:28,67
99,IE,2024-11-12,12:12:55,2024-11-12,12:13:12,HU,MC44v1,82.0,2024-11-12,12:40:22,53
100,IE,2024-11-12,12:20:38,2024-11-12,12:20:43,HU,MC44v1,91.0,2024-11-19,14:32:31,67
101,IE,2024-11-12,12:37:28,2024-11-12,12:37:31,HU,MC44v1,93.0,2024-11-15,06:13:14,67
102,IE,2024-11-12,12:52:23,2024-11-12,13:01:01,HU,MC44v1,84.0,2024-11-12,15:21:07,67
103,IE,2024-11-12,12:56:02,2024-11-12,12:56:09,HU,MC44v1,87.0,2024-11-27,14:55:09,67
104,IE,2024-11-12,13:29:37,2024-11-12,13:30:21,HU,MC44v1,89.0,2024-11-18,19:23:35,67
105,IE,2024-11-12,14:59:26,2024-11-12,14:59:31,HU,MC44v1,86.0,2024-11-12,15:49:02,59
106,IE,2024-11-12,15:08:42,2024-11-12,15:08:55,HU,MC44v1,97.0,2024-11-14,19:21:15,64
107,IE,2024-11-12,16:02:00,2024-11-12,16:02:07,HU,MC44v1,91.0,2024-11-13,14:24:28,66
108,IE,2024-11-12,16:19:42,2024-11-12,16:19:50,HU,MC44v1,91.0,2024-11-25,15:35:38,67
109,IE,2024-11-12,17:32:38,2024-11-12,17:32:53,HU,MC44v1,94.0,2024-11-15,17:12:05,67
110,IE,2024-11-12,17:56:37,2024-11-12,17:56:39,HU,MC44v1,97.0,2024-11-12,18:12:46,53
111,IE,2024-11-12,19:45:01,2024-11-12,19:45:17,HU,MC44v1,57.0,2024-11-21,09:02:31,67
112,IE,2024-11-12,19:56:40,2024-11-12,19:56:45,HU,MC44v1,97.0,2024-11-28,12:20:52,67
113,IE,2024-11-12,20:10:24,2024-11-12,20:10:55,HU,MC44v1,85.0,2024-11-28,15:48:21,61
114,IE,2024-11-12,20:44:37,2024-11-12,20:45:48,HU,MC44v1,94.0,2024-11-17,01:18:57,67
115,IE,2024-11-12,21:05:58,2024-11-12,21:06:05,HU,MC44v1,68.0,2024-11-15,03:24:29,67
116,IE,2024-11-13,07:40:10,2024-11-13,07:40:24,HU,MC44v1,94.0,2024-11-19,22:13:56,66
117,IE,2024-11-13,08:29:10,2024-11-13,08:31:12,HU,MC44v1,93.0,2024-11-14,12:00:02,67
118,IE,2024-11-13,10:06:22,2024-11-13,10:06:33,HU,MC44v1,97.0,2024-11-13,11:40:11,61
119,ES,2024-11-13,10:13:20,2024-11-13,10:13:32,HU,MC43v1,,,,4
119,ES,2024-11-13,10:13:20,2024-11-13,10:20:54,UPV,MC21v1,,,,0
120,IE,2024-11-13,10:50:47,2024-11-13,11:02:11,HU,MC44v1,84.0,2024-11-13,11:21:59,64
121,IE,2024-11-13,12:20:53,2024-11-13,12:21:15,HU,MC44v1,94.0,2024-11-13,16:21:20,66
122,IE,2024-11-13,13:51:58,2024-11-13,13:52:06,HU,MC44v1,88.0,2024-11-21,00:21:17,67
123,IE,2024-11-13,14:35:11,2024-11-13,14:35:30,HU,MC44v1,97.0,2024-11-21,16:38:09,67
124,IE,2024-11-13,15:13:19,2024-11-13,15:14:03,HU,MC44v1,100.0,2024-11-20,20:26:35,67
125,IE,2024-11-13,15:14:39,2024-11-13,15:14:44,HU,MC44v1,94.0,2024-11-26,13:39:26,67
126,IE,2024-11-13,15:28:49,2024-11-13,15:29:01,HU,MC44v1,100.0,2024-11-13,16:31:57,65
127,IE,2024-11-13,16:23:31,2024-11-13,16:23:35,HU,MC44v1,91.0,2024-11-13,16:42:28,53
128,IE,2024-11-13,16:51:30,2024-11-13,16:51:38,HU,MC44v1,84.0,2024-11-13,20:26:05,67
129,IE,2024-11-13,17:09:12,2024-11-13,18:07:56,HU,MC44v1,83.0,2024-11-13,22:07:07,67
129,IE,2024-11-13,17:09:12,2024-11-13,17:10:13,UCOI,MC12v1,,,,26
130,IE,2024-11-13,17:15:20,2024-11-13,17:16:29,HU,MC44v1,97.0,2024-11-26,00:50:39,67
131,IE,2024-11-13,18:56:53,2024-11-13,18:57:38,HU,MC44v1,94.0,2024-11-13,20:17:15,53
132,IE,2024-11-13,19:29:29,2024-11-13,19:29:33,HU,MC44v1,93.0,2024-11-28,17:50:55,66
133,IE,2024-11-13,20:54:45,2024-11-13,20:54:55,HU,MC44v1,90.0,2024-11-13,23:29:44,67
134,IE,2024-11-13,20:55:18,2024-11-13,20:55:29,HU,MC44v1,,,,0
135,IE,2024-11-13,21:39:55,2024-11-13,21:40:02,HU,MC44v1,94.0,2024-11-14,00:24:18,67
136,IE,2024-11-13,22:55:24,2024-11-13,22:55:31,HU,MC44v1,89.0,2024-11-14,01:13:43,67
137,IE,2024-11-13,23:29:49,2024-11-13,23:29:54,HU,MC44v1,94.0,2024-11-14,12:07:46,53
138,IE,2024-11-14,08:06:54,2024-11-14,08:08:09,HU,MC44v1,94.0,2024-11-14,08:57:48,53
140,IE,2024-11-14,09:48:09,2024-11-14,09:48:13,HU,MC44v1,75.0,2024-11-21,10:06:26,64
141,IE,2024-11-14,10:12:51,2024-11-14,10:12:58,HU,MC44v1,57.0,2024-11-18,14:33:26,55
142,IE,2024-11-14,10:31:47,2024-11-14,10:32:12,HU,MC44v1,81.0,2024-11-28,20:05:49,67
143,IE,2024-11-14,11:10:05,2024-11-14,11:10:11,HU,MC44v1,87.0,2024-11-14,13:25:29,67
144,IE,2024-11-14,11:18:00,2024-11-14,11:18:05,HU,MC44v1,88.0,2024-11-30,20:07:00,67
145,IE,2024-11-14,11:46:01,2024-11-27,16:52:24,HU,MC44v1,80.0,2024-11-27,19:57:22,65
145,IE,2024-11-14,11:46:01,2024-11-14,11:49:51,UPV,MC18v1,,,,14
146,IE,2024-11-14,12:33:18,2024-11-14,12:33:29,HU,MC44v1,94.0,2024-11-15,11:22:05,67
147,IE,2024-11-14,13:20:57,2024-11-14,13:21:03,HU,MC44v1,85.0,2024-11-14,14:59:45,65
148,IE,2024-11-14,13:41:51,2024-11-14,13:44:31,HU,MC44v1,90.0,2024-11-14,14:02:42,53
149,IE,2024-11-14,14:41:08,2024-11-14,14:41:14,HU,MC44v1,78.0,2024-11-19,12:46:20,57
150,IE,2024-11-14,14:56:15,2024-11-14,14:56:30,HU,MC44v1,97.0,2024-11-14,18:07:33,67
151,IE,2024-11-14,15:32:36,2024-11-14,15:39:20,HU,MC44v1,97.0,2024-11-14,18:33:47,64
152,IE,2024-11-14,16:01:03,2024-11-14,16:02:07,HU,MC44v1,91.0,2024-11-15,08:43:58,67
153,IE,2024-11-14,16:11:04,2024-11-14,16:11:18,HU,MC44v1,94.0,2024-11-14,17:17:21,66
154,IE,2024-11-14,17:44:47,2024-11-14,17:44:52,HU,MC44v1,97.0,2024-11-14,22:32:04,67
155,IE,2024-11-14,18:06:26,2024-11-14,18:06:32,HU,MC44v1,94.0,2024-11-15,00:40:27,61
156,IE,2024-11-14,18:09:46,2024-11-14,18:09:53,HU,MC44v1,91.0,2024-11-14,20:51:02,67
157,IE,2024-11-14,18:52:37,2024-11-14,18:52:42,HU,MC44v1,94.0,2024-11-14,19:55:18,67
158,IE,2024-11-14,18:53:20,2024-11-14,18:53:27,HU,MC44v1,77.0,2024-11-14,19:43:30,57
159,IE,2024-11-14,20:21:07,2024-11-14,20:21:42,HU,MC44v1,68.0,2024-11-14,20:36:32,66
160,IE,2024-11-14,21:49:41,2024-11-14,21:49:48,HU,MC44v1,94.0,2024-11-29,22:39:57,66
161,IE,2024-11-14,22:02:50,2024-11-14,22:02:54,HU,MC44v1,,,,53
162,FR,2024-11-14,22:31:38,2024-11-14,22:31:41,HU,MC44v1,100.0,2024-11-14,22:45:53,61
163,IE,2024-11-14,22:45:22,2024-11-14,22:45:29,HU,MC44v1,97.0,2024-11-30,02:52:59,53
164,IE,2024-11-15,00:00:35,2024-11-15,00:03:27,HU,MC44v1,88.0,2024-11-24,13:49:20,65
165,IE,2024-11-15,00:43:32,2024-11-15,00:43:47,HU,MC44v1,94.0,2024-11-15,01:05:32,54
166,IE,2024-11-15,01:08:20,2024-11-15,01:08:27,HU,MC44v1,97.0,2024-11-15,01:50:52,64
167,IE,2024-11-15,05:45:53,2024-11-15,05:46:08,HU,MC44v1,85.0,2024-11-15,06:31:12,55
168,IE,2024-11-15,09:31:03,2024-11-15,09:31:08,HU,MC44v1,97.0,2024-11-15,10:56:00,67
169,IE,2024-11-15,10:15:13,2024-11-15,10:17:18,HU,MC44v1,91.0,2024-11-27,20:46:42,67
170,IE,2024-11-15,10:20:00,2024-11-15,10:23:40,HU,MC44v1,97.0,2024-11-20,11:17:22,67
171,IE,2024-11-15,11:05:45,2024-11-15,11:08:16,HU,MC44v1,91.0,2024-11-25,12:14:31,66
172,IE,2024-11-15,17:13:56,2024-11-15,17:14:01,HU,MC44v1,94.0,2024-11-16,00:12:32,67
174,IE,2024-11-15,21:54:26,2024-11-15,21:54:31,HU,MC44v1,94.0,2024-11-25,21:29:36,66
175,IE,2024-11-16,12:08:58,2024-11-16,12:09:04,HU,MC44v1,96.0,2024-11-16,12:23:45,54
176,IE,2024-11-16,12:31:58,2024-11-16,12:32:11,HU,MC44v1,,,,6
177,IE,2024-11-16,14:20:56,2024-11-16,14:21:29,HU,MC44v1,97.0,2024-11-26,11:48:46,67
178,IE,2024-11-17,07:30:41,2024-11-17,07:30:53,HU,MC44v1,,,,1
179,IE,2024-11-17,15:19:32,2024-11-17,15:19:37,HU,MC44v1,97.0,2024-11-18,16:33:55,67
180,IE,2024-11-17,15:49:26,2024-11-17,15:49:37,HU,MC44v1,78.0,2024-11-25,23:12:41,67
181,IE,2024-11-17,22:27:08,2024-11-17,22:27:18,HU,MC44v1,100.0,2024-11-17,23:07:53,67
182,IE,2024-11-18,10:04:03,2024-11-18,10:04:13,HU,MC44v1,91.0,2024-11-18,11:55:14,67
183,IE,2024-11-18,10:42:01,2024-11-18,10:42:07,HU,MC44v1,91.0,2024-11-18,15:30:09,67
185,IE,2024-11-18,11:15:42,2024-11-18,11:15:48,HU,MC44v1,74.0,2024-11-26,15:41:55,67
186,IE,2024-11-18,12:33:41,2024-11-18,12:34:00,HU,MC44v1,93.0,2024-11-19,15:06:08,65
187,IE,2024-11-18,14:20:18,2024-11-18,14:20:26,HU,MC44v1,88.0,2024-11-18,14:41:18,53
188,IE,2024-11-18,14:43:37,2024-11-18,14:43:52,HU,MC44v1,,,,0
189,IE,2024-11-18,15:49:15,2024-11-18,15:50:21,HU,MC44v1,77.0,2024-11-30,01:01:34,67
190,IE,2024-11-18,17:15:59,2024-11-18,17:16:07,HU,MC44v1,94.0,2024-11-21,11:22:15,67
191,IE,2024-11-18,18:10:18,2024-11-18,18:10:32,HU,MC44v1,91.0,2024-11-19,20:59:00,66
192,IE,2024-11-18,18:19:00,2024-11-18,18:19:10,HU,MC44v1,93.0,2024-11-23,14:09:21,67
193,FR,2024-11-18,20:42:43,2024-11-18,20:42:55,UGA,MC34v1,,,,12
194,FR,2024-11-18,21:35:47,2024-11-18,21:46:10,UGA,MC34v1,72.0,2024-12-21,22:16:06,56
194,FR,2024-11-18,21:35:47,2024-11-21,09:20:31,UGA,MC35v1,96.0,2024-12-21,22:30:54,44
195,IE,2024-11-18,21:59:54,2024-11-18,22:00:00,HU,MC44v1,94.0,2024-11-21,20:10:46,67
196,IE,2024-11-19,09:21:16,2024-11-19,09:21:24,HU,MC44v1,94.0,2024-11-19,09:46:05,53
198,PT,2024-11-19,09:49:50,2024-11-19,09:50:13,UCOI,MC11v1,,,,0
198,PT,2024-11-19,09:49:50,2024-12-07,23:10:05,UCOI,MC14v1,,,,19
198,PT,2024-11-19,09:49:50,2024-12-07,23:10:00,UCOI,MC15v1,,,,22
199,IE,2024-11-19,10:34:43,2024-11-19,10:34:51,HU,MC44v1,,,,0
200,IE,2024-11-19,10:49:26,2024-11-19,10:49:33,HU,MC44v1,77.0,2024-11-19,12:33:07,67
201,IE,2024-11-19,11:02:34,2024-11-19,11:02:40,HU,MC44v1,100.0,2024-11-20,11:49:02,67
202,IE,2024-11-19,11:44:37,2024-11-19,11:44:41,HU,MC44v1,94.0,2024-11-19,12:37:10,67
203,IE,2024-11-19,12:02:39,2024-11-19,12:02:45,HU,MC44v1,90.0,2024-11-30,13:57:31,53
204,IE,2024-11-19,12:11:20,2024-11-19,12:11:34,HU,MC44v1,76.0,2024-11-19,15:53:41,53
205,IE,2024-11-19,13:13:16,2024-11-19,13:15:33,HU,MC44v1,91.0,2024-11-30,06:36:04,66
206,IE,2024-11-19,13:50:13,2024-11-19,13:50:18,HU,MC44v1,82.0,2024-11-19,15:58:00,67
207,IE,2024-11-19,16:42:24,2024-11-19,16:42:31,HU,MC44v1,93.0,2024-11-19,20:26:58,66
208,IN,2024-11-19,21:37:26,2024-11-19,21:37:35,UPV,MC18v1,,,,2
209,IE,2024-11-20,09:34:13,2024-11-20,09:35:57,HU,MC44v1,97.0,2024-11-20,16:30:33,66
210,IE,2024-11-20,11:44:35,2024-11-20,11:44:40,HU,MC44v1,83.0,2024-12-03,00:30:14,67
213,IE,2024-11-20,12:35:34,2024-11-20,12:35:53,HU,MC44v1,80.0,2024-11-23,19:50:28,67
214,IE,2024-11-20,12:43:54,2024-11-20,12:44:06,HU,MC44v1,88.0,2024-11-24,13:26:10,65
216,IE,2024-11-20,15:33:26,2024-11-20,15:33:46,HU,MC44v1,77.0,2024-11-21,13:04:11,67
217,IE,2024-11-20,18:05:30,2024-11-20,18:05:42,HU,MC44v1,90.0,2024-11-30,02:50:12,64
218,IE,2024-11-20,19:22:21,2024-11-20,19:23:50,HU,MC44v1,86.0,2024-11-21,11:44:14,67
219,IE,2024-11-20,20:04:20,2024-11-20,20:04:26,HU,MC44v1,87.0,2024-11-22,23:38:35,67
220,IT,2024-11-21,09:32:42,2024-11-21,09:32:47,UNIPAR,MC08v1,,,,2
222,IE,2024-11-21,20:46:18,2024-11-21,20:46:35,HU,MC44v1,89.0,2024-11-22,14:34:31,67
223,MW,2024-11-22,05:07:06,2024-11-22,05:07:21,HU,MC44v1,,,,0
225,IE,2024-11-22,13:34:04,2024-11-22,13:36:35,HU,MC44v1,97.0,2024-11-22,19:03:51,66
226,IE,2024-11-22,17:18:47,2024-11-22,17:19:34,HU,MC44v1,91.0,2024-11-24,00:36:48,67
227,FR,2024-11-23,19:59:49,2024-11-23,20:00:17,UGA,MC34v1,80.0,2025-01-10,10:32:12,57
229,DE,2024-11-24,10:14:09,2024-11-24,10:14:16,HU,MC44v1,91.0,2024-11-30,13:46:25,64
231,IE,2024-11-24,21:41:29,2024-11-24,21:44:31,HU,MC44v1,84.0,2024-11-26,18:21:53,67
232,IE,2024-11-25,12:55:43,2024-11-25,12:56:27,HU,MC44v1,94.0,2024-11-25,14:10:40,67
233,IE,2024-11-25,13:39:25,2024-11-25,13:39:36,HU,MC44v1,91.0,2024-11-27,16:17:24,67
234,IE,2024-11-25,14:43:04,2024-11-25,14:43:08,HU,MC44v1,68.0,2024-11-25,15:26:36,57
235,IE,2024-11-25,15:29:40,2024-11-25,15:34:31,HU,MC44v1,97.0,2024-11-25,20:21:54,67
236,IE,2024-11-25,18:20:05,2024-11-25,18:20:09,HU,MC44v1,91.0,2024-11-30,16:01:06,53
237,MY,2024-11-26,07:19:29,2024-11-26,09:44:41,UPV,MC21v1,,,,1
238,IE,2024-11-26,11:58:18,2024-11-26,11:58:23,HU,MC44v1,91.0,2024-11-26,13:26:44,67
239,IE,2024-11-26,11:59:16,2024-11-26,11:59:45,HU,MC44v1,94.0,2024-11-27,11:31:32,67
240,IE,2024-11-26,12:16:19,2024-11-26,12:16:31,HU,MC44v1,90.0,2024-11-26,14:07:57,67
241,IE,2024-11-26,12:25:59,2024-11-26,12:26:19,HU,MC44v1,100.0,2024-11-26,15:42:41,66
242,IE,2024-11-26,12:40:11,2024-11-26,12:40:23,HU,MC44v1,89.0,2024-11-29,02:40:12,67
243,IE,2024-11-26,13:16:23,2024-11-26,13:16:30,HU,MC44v1,88.0,2024-11-28,14:57:51,66
244,IE,2024-11-26,14:11:16,2024-11-26,14:11:26,HU,MC44v1,86.0,2024-11-29,12:49:16,67
245,IE,2024-11-26,14:12:51,2024-11-26,14:13:05,HU,MC44v1,97.0,2024-11-27,12:19:36,65
246,IE,2024-11-26,15:27:31,2024-11-26,15:30:12,HU,MC44v1,87.0,2024-11-26,17:39:03,67
247,ES,2024-11-26,16:32:56,2024-11-26,16:42:11,DTU,MC27v1,,,,24
248,IE,2024-11-26,16:57:52,2024-11-26,16:57:59,HU,MC44v1,93.0,2024-11-28,14:29:39,67
249,IE,2024-11-26,18:28:06,2024-11-26,18:28:16,HU,MC44v1,79.0,2024-11-27,15:24:52,67
250,IE,2024-11-26,19:29:42,2024-11-26,19:30:45,HU,MC44v1,91.0,2024-11-28,09:48:47,67
251,IE,2024-11-26,19:45:03,2024-11-26,19:47:34,HU,MC44v1,100.0,2024-11-26,20:59:17,67
252,KE,2024-11-26,21:35:31,2024-12-05,16:35:57,DTU,MC30v1,,,,25
252,KE,2024-11-26,21:35:31,2024-11-26,21:40:19,HU,MC40v1,100.0,2024-12-19,19:41:59,54
252,KE,2024-11-26,21:35:31,2024-11-26,21:41:18,HU,MC41v1,65.0,2024-12-19,06:19:25,86
252,KE,2024-11-26,21:35:31,2024-11-26,21:40:47,HU,MC43v1,,,,0
252,KE,2024-11-26,21:35:31,2024-11-26,21:37:16,HU,MC44v1,,,,1
252,KE,2024-11-26,21:35:31,2024-11-26,21:39:45,NUIM,MC02v1,95.0,2024-12-17,10:29:36,145
252,KE,2024-11-26,21:35:31,2024-12-05,16:35:14,NUIM,MC03v1,,,,39
252,KE,2024-11-26,21:35:31,2024-12-05,16:35:35,NUIM,MC04v1,100.0,2024-12-19,14:32:06,41
252,KE,2024-11-26,21:35:31,2024-12-05,16:34:48,NUIM,MC05v1,,,,0
252,KE,2024-11-26,21:35:31,2024-11-26,21:39:01,UGA,MC35v1,,,,0
252,KE,2024-11-26,21:35:31,2024-11-26,21:38:19,UGA,MC37v1,,,,7
252,KE,2024-11-26,21:35:31,2024-11-26,21:41:34,UNIPAR,MC08v1,,,,4
252,KE,2024-11-26,21:35:31,2024-11-26,21:41:05,UNIPAR,MC09v1,,,,0
252,KE,2024-11-26,21:35:31,2024-12-05,16:33:52,UNISS,MC25v1,,,,0
252,KE,2024-11-26,21:35:31,2024-12-02,18:59:44,UPV,MC19v1,,,,0
253,IE,2024-11-27,01:07:26,2024-11-27,01:07:29,HU,MC44v1,80.0,2024-11-27,08:49:52,58
254,IN,2024-11-27,02:06:56,2024-11-27,02:09:35,UCOI,MC12v1,,,,9
255,IE,2024-11-27,10:02:13,2024-11-27,10:02:39,HU,MC44v1,97.0,2024-11-28,09:24:16,66
256,FR,2024-11-27,10:33:09,2024-11-27,10:35:26,UGA,MC34v1,,,,42
256,FR,2024-11-27,10:33:09,2024-11-27,10:33:31,UGA,MC35v1,96.0,2024-11-27,20:45:07,40
257,IE,2024-11-27,11:24:56,2024-11-27,11:25:00,HU,MC44v1,97.0,2024-11-30,18:51:07,54
258,IE,2024-11-27,13:31:08,2024-11-27,13:31:13,HU,MC44v1,97.0,2024-11-27,15:12:35,67
259,IE,2024-11-27,18:55:08,2024-11-27,18:59:22,HU,MC44v1,93.0,2024-11-27,21:30:10,66
260,FR,2024-11-27,21:36:24,2024-11-27,23:28:55,UGA,MC34v1,,,,37
260,FR,2024-11-27,21:36:24,2024-12-11,23:21:05,UGA,MC35v1,96.0,2024-12-12,08:46:15,34
261,IE,2024-11-27,22:07:29,2024-11-27,22:07:35,HU,MC44v1,91.0,2024-11-30,02:43:11,66
262,IE,2024-11-28,10:32:02,2024-11-28,10:32:24,HU,MC44v1,58.0,2024-11-30,00:48:03,66
263,IE,2024-11-28,13:41:55,2024-11-28,13:45:40,HU,MC44v1,97.0,2024-11-29,20:42:31,67
264,IE,2024-11-28,13:49:52,2024-11-28,13:49:56,HU,MC44v1,94.0,2024-11-28,21:13:36,67
266,IE,2024-11-28,23:09:22,2024-11-28,23:09:29,HU,MC44v1,84.0,2024-11-29,01:40:24,67
268,IE,2024-11-29,06:02:32,2024-11-29,06:02:37,HU,MC44v1,90.0,2024-11-29,22:58:04,67
269,ES,2024-11-29,10:57:38,2024-11-29,10:57:54,HU,MC44v1,97.0,2024-11-29,19:44:29,67
270,IE,2024-11-29,12:34:00,2024-11-29,13:31:15,HU,MC44v1,90.0,2024-11-29,21:39:32,66
271,IE,2024-11-29,14:58:56,2024-11-29,14:59:18,HU,MC44v1,79.0,2024-11-29,19:47:50,67
272,IE,2024-11-29,16:52:20,2024-11-29,16:52:27,HU,MC44v1,85.0,2024-11-30,10:35:45,66
273,IE,2024-11-29,18:43:44,2024-11-29,18:43:50,HU,MC44v1,96.0,2024-11-29,21:04:55,53
274,IE,2024-11-29,19:06:06,2024-11-29,19:06:15,HU,MC44v1,97.0,2024-11-29,20:14:35,67
275,IE,2024-11-29,20:33:08,2024-11-29,20:33:14,HU,MC44v1,97.0,2024-11-29,22:03:14,67
276,IE,2024-11-29,23:02:24,2024-11-29,23:02:30,HU,MC44v1,90.0,2024-11-30,00:51:35,67
277,IE,2024-11-30,01:06:06,2024-11-30,01:06:14,HU,MC44v1,85.0,2024-11-30,04:08:17,67
278,IE,2024-11-30,01:36:27,2024-11-30,01:36:31,HU,MC44v1,,,,67
279,IE,2024-11-30,02:20:39,2024-11-30,02:20:42,HU,MC44v1,81.0,2024-11-30,03:04:15,66
280,IE,2024-11-30,05:37:27,2024-11-30,05:37:32,HU,MC44v1,97.0,2024-12-01,13:20:54,66
281,IE,2024-11-30,09:26:25,2024-11-30,09:30:59,HU,MC44v1,60.0,2024-11-30,09:54:58,53
282,FR,2024-12-01,20:15:04,2024-12-01,20:16:24,UGA,MC34v1,100.0,2024-12-23,16:25:18,31
282,FR,2024-12-01,20:15:04,2024-12-12,08:52:50,UGA,MC35v1,100.0,2024-12-12,09:04:13,31
283,KE,2024-12-01,22:11:32,2024-12-01,22:12:52,UCOI,MC12v1,,,,1
284,IT,2024-12-02,09:47:30,2024-12-02,09:47:37,UNIPAR,MC09v1,90.0,2024-12-27,15:51:40,42
285,IQ,2024-12-02,12:51:12,2024-12-02,12:51:47,UCOI,MC12v1,,,,1
287,IT,2024-12-02,18:58:40,2024-12-02,18:58:44,UNIPAR,MC09v1,100.0,2025-01-07,19:49:59,42
288,IE,2024-12-03,13:42:58,2024-12-03,13:43:04,HU,MC44v1,,,,6
289,IE,2024-12-03,16:02:13,2024-12-03,16:02:48,HU,MC44v1,,,,2
290,KE,2024-12-03,20:02:53,2024-12-17,00:37:56,HU,MC40v1,100.0,2024-12-17,02:29:25,57
290,KE,2024-12-03,20:02:53,2024-12-16,20:32:04,HU,MC41v1,59.0,2024-12-16,23:11:35,82
290,KE,2024-12-03,20:02:53,2024-12-03,20:03:22,HU,MC43v1,80.0,2024-12-12,00:09:09,64
290,KE,2024-12-03,20:02:53,2024-12-15,22:34:24,HU,MC44v1,100.0,2024-12-15,23:06:37,63
290,KE,2024-12-03,20:02:53,2024-12-12,19:45:55,NUIM,MC02v1,95.0,2024-12-15,16:43:10,132
290,KE,2024-12-03,20:02:53,2024-12-15,18:54:37,NUIM,MC03v1,90.0,2024-12-15,20:14:47,32
290,KE,2024-12-03,20:02:53,2024-12-16,15:18:45,NUIM,MC04v1,100.0,2024-12-17,02:30:52,37
290,KE,2024-12-03,20:02:53,2024-12-22,14:31:53,UCOI,MC15v1,96.0,2024-12-22,14:55:48,52
290,KE,2024-12-03,20:02:53,2024-12-21,18:09:41,UGA,MC37v1,96.0,2024-12-21,18:40:57,57
290,KE,2024-12-03,20:02:53,2024-12-21,19:08:01,UNIPAR,MC09v1,100.0,2024-12-21,19:29:58,54
290,KE,2024-12-03,20:02:53,2024-12-21,12:33:09,UNISS,MC22v1,100.0,2024-12-21,14:56:09,60
290,KE,2024-12-03,20:02:53,2024-12-12,01:04:21,UNISS,MC23v1,94.0,2024-12-21,01:22:28,66
290,KE,2024-12-03,20:02:53,2024-12-22,18:09:55,UNISS,MC26v2,,,,118
291,FR,2024-12-04,15:17:14,2024-12-04,15:20:40,UGA,MC35v1,92.0,2025-01-06,09:54:49,55
292,IE,2024-12-04,16:11:28,2024-12-04,16:11:33,HU,MC44v1,81.0,2024-12-04,16:29:49,53
293,IQ,2024-12-04,17:41:23,2024-12-04,17:43:08,UNIPAR,MC09v1,,,,2
294,IE,2024-12-05,15:09:15,2025-01-21,15:30:17,DTU,MC27v1,80.0,2025-01-21,21:12:19,45
294,IE,2024-12-05,15:09:15,2025-01-21,21:14:29,UCOI,MC14v1,72.0,2025-01-21,21:32:33,47
294,IE,2024-12-05,15:09:15,2024-12-05,15:09:33,UNISS,MC25v1,79.0,2025-01-21,14:26:01,30
295,SE,2024-12-05,16:04:09,2025-02-01,07:44:41,HU,MC43v1,,,,3
295,SE,2024-12-05,16:04:09,2024-12-05,16:06:16,NUIM,MC02v1,52.0,2024-12-06,15:43:10,146
295,SE,2024-12-05,16:04:09,2024-12-05,16:39:14,UPV,MC18v1,,,,18
297,ZM,2024-12-08,01:11:39,2024-12-08,01:13:10,UCOI,MC11v1,,,,0
298,IE,2024-12-12,11:41:15,2024-12-12,11:41:36,HU,MC44v1,,,,2
299,IE,2024-12-12,11:43:04,2024-12-12,11:43:36,NUIM,MC06v1,,,,0
300,IE,2024-12-12,11:45:00,2025-01-02,19:06:12,HU,MC43v1,86.0,2025-01-16,19:47:02,66
301,IE,2024-12-12,11:45:12,2024-12-15,18:44:59,NUIM,MC02v1,77.0,2024-12-22,23:05:09,145
305,IE,2024-12-12,11:48:42,2024-12-12,11:51:57,HU,MC44v1,,,,0
306,IE,2024-12-12,11:51:18,2025-01-23,20:57:21,NUIM,MC06v1,,,,0
308,IE,2024-12-12,11:55:02,2024-12-12,11:56:48,DTU,MC31v1,,,,2
308,IE,2024-12-12,11:55:02,2025-01-23,11:34:06,HU,MC41v1,64.0,2025-01-23,12:03:59,75
309,KE,2024-12-12,12:58:36,2024-12-12,12:59:00,NUIM,MC02v1,,,,29
310,IE,2024-12-12,13:50:48,2025-01-13,08:03:23,DTU,MC30v1,85.0,2025-01-13,08:47:54,43
310,IE,2024-12-12,13:50:48,2024-12-12,13:50:54,NUIM,MC06v1,,,,54
311,IE,2024-12-12,15:58:39,2024-12-12,15:58:44,NUIM,MC06v1,60.0,2025-01-17,15:18:42,54
312,SE,2024-12-12,20:11:39,2024-12-12,20:12:55,UNIPAR,MC09v1,70.0,2024-12-12,21:31:22,31
313,IE,2024-12-13,09:31:52,2025-01-18,19:45:34,HU,MC44v1,97.0,2025-01-20,00:31:49,62
313,IE,2024-12-13,09:31:52,2025-01-18,19:43:30,NUIM,MC06v1,,,,1
313,IE,2024-12-13,09:31:52,2024-12-13,09:32:04,UGA,MC34v1,,,,0
314,IE,2024-12-13,13:59:36,2024-12-31,14:49:21,NUIM,MC02v1,87.0,2025-01-02,19:38:32,148
314,IE,2024-12-13,13:59:36,2024-12-31,14:49:45,NUIM,MC03v1,,,,4
314,IE,2024-12-13,13:59:36,2024-12-31,14:50:09,NUIM,MC05v1,,,,1
314,IE,2024-12-13,13:59:36,2024-12-13,13:59:40,UNISS,MC22v1,96.0,2024-12-16,12:46:17,67
314,IE,2024-12-13,13:59:36,2024-12-31,10:56:13,UNISS,MC23v1,86.0,2025-01-12,11:53:17,69
315,IE,2024-12-14,11:08:50,2024-12-14,11:09:38,HU,MC44v1,,,,0
316,IE,2024-12-14,12:51:28,2025-01-22,15:00:03,HU,MC41v1,,,,20
316,IE,2024-12-14,12:51:28,2025-01-22,15:01:22,HU,MC44v1,,,,0
316,IE,2024-12-14,12:51:28,2024-12-14,12:51:32,NUIM,MC03v1,,,,36
316,IE,2024-12-14,12:51:28,2025-01-22,18:39:17,UNIPAR,MC09v1,,,,3
316,IE,2024-12-14,12:51:28,2025-01-09,00:18:55,UNISS,MC23v1,,,,9
317,TD,2024-12-15,09:55:22,2024-12-22,18:56:18,DTU,MC28v1,,,,59
317,TD,2024-12-15,09:55:22,2024-12-15,10:01:44,HU,MC40v1,,,,54
317,TD,2024-12-15,09:55:22,2024-12-15,10:04:07,HU,MC41v1,,,,76
317,TD,2024-12-15,09:55:22,2024-12-15,09:55:39,HU,MC44v1,,,,54
317,TD,2024-12-15,09:55:22,2024-12-15,10:01:03,NUIM,MC02v1,,,,131
317,TD,2024-12-15,09:55:22,2024-12-15,10:06:54,NUIM,MC03v1,,,,32
317,TD,2024-12-15,09:55:22,2024-12-16,14:22:41,NUIM,MC04v1,,,,33
317,TD,2024-12-15,09:55:22,2024-12-22,13:45:10,UCOI,MC15v1,,,,43
317,TD,2024-12-15,09:55:22,2024-12-15,10:01:22,UGA,MC34v1,,,,0
317,TD,2024-12-15,09:55:22,2024-12-15,10:00:44,UGA,MC35v1,,,,0
317,TD,2024-12-15,09:55:22,2024-12-15,10:00:31,UGA,MC37v1,,,,42
317,TD,2024-12-15,09:55:22,2024-12-15,10:02:07,UNIPAR,MC08v1,,,,38
317,TD,2024-12-15,09:55:22,2024-12-15,10:04:24,UNIPAR,MC09v1,,,,37
317,TD,2024-12-15,09:55:22,2024-12-21,12:35:58,UNISS,MC22v1,,,,52
317,TD,2024-12-15,09:55:22,2024-12-20,20:22:45,UNISS,MC23v1,,,,67
317,TD,2024-12-15,09:55:22,2024-12-22,14:25:08,UNISS,MC26v2,,,,105
319,IE,2024-12-16,14:39:32,2024-12-16,14:40:44,HU,MC44v1,94.0,2025-01-07,18:37:09,66
319,IE,2024-12-16,14:39:32,2025-01-06,20:00:54,UCOI,MC12v1,,,,0
319,IE,2024-12-16,14:39:32,2025-01-06,20:01:11,UNISS,MC23v1,,,,0
319,IE,2024-12-16,14:39:32,2025-01-06,20:00:27,UNISS,MC24v1,98.0,2025-01-07,18:58:03,72
319,IE,2024-12-16,14:39:32,2025-01-06,20:00:58,UPV,MC20v1,,,,0
319,IE,2024-12-16,14:39:32,2025-01-06,20:00:44,UPV,MC21v1,90.0,2025-01-07,18:18:46,110
320,IE,2024-12-17,09:25:20,2024-12-17,09:25:27,NUIM,MC06v1,,,,0
320,IE,2024-12-17,09:25:20,2024-12-17,09:47:24,UCOI,MC13v1,,,,1
320,IE,2024-12-17,09:25:20,2024-12-17,09:48:50,UGA,MC37v1,,,,0
320,IE,2024-12-17,09:25:20,2024-12-17,09:48:26,UNIPAR,MC09v1,100.0,2024-12-28,23:35:05,55
321,PT,2024-12-17,11:19:34,2024-12-17,11:20:07,UNISS,MC22v1,,,,2
322,FR,2024-12-18,21:21:04,2024-12-18,21:21:48,UGA,MC34v1,88.0,2024-12-18,21:35:54,30
323,ES,2024-12-18,23:37:06,2024-12-18,23:51:49,UCOI,MC11v1,,,,16
325,IE,2024-12-19,10:10:11,2025-02-11,14:23:57,DTU,MC30v1,,,,9
325,IE,2024-12-19,10:10:11,2024-12-19,10:11:42,NUIM,MC04v1,,,,0
326,IE,2024-12-19,10:12:09,2025-01-16,12:57:38,NUIM,MC01v1,90.0,2025-01-17,18:31:50,65
326,IE,2024-12-19,10:12:09,2024-12-22,16:24:49,NUIM,MC02v1,,,,25
327,IE,2024-12-19,10:12:45,2025-01-22,18:33:08,NUIM,MC06v1,,,,12
328,IE,2024-12-19,10:13:34,2025-01-19,16:21:42,HU,MC40v1,60.0,2025-01-21,20:41:54,66
328,IE,2024-12-19,10:13:34,2025-01-19,15:16:37,NUIM,MC01v1,100.0,2025-01-21,20:34:22,66
328,IE,2024-12-19,10:13:34,2025-01-19,12:44:07,NUIM,MC04v1,70.0,2025-01-19,13:08:03,45
331,SE,2024-12-19,12:45:26,2024-12-19,12:45:29,HU,MC44v1,90.0,2024-12-19,13:09:41,54
332,FR,2024-12-19,13:21:07,2024-12-19,13:21:14,UGA,MC34v1,80.0,2024-12-19,14:27:44,53
333,AU,2024-12-19,14:11:55,2024-12-23,22:30:05,HU,MC40v1,,,,2
333,AU,2024-12-19,14:11:55,2025-01-23,05:53:50,UCOI,MC14v1,,,,17
333,AU,2024-12-19,14:11:55,2024-12-21,16:17:21,UNIPAR,MC09v1,,,,3
334,FR,2024-12-19,14:34:34,2024-12-19,14:34:42,UGA,MC34v1,76.0,2024-12-19,19:00:54,54
335,IE,2024-12-19,17:47:17,2024-12-19,17:47:23,HU,MC41v1,,,,88
340,ES,2024-12-20,12:00:38,2024-12-20,12:02:01,UCOI,MC11v1,,,,6
340,ES,2024-12-20,12:00:38,2024-12-20,12:03:08,UNIPAR,MC08v1,,,,0
343,IN,2024-12-20,13:06:24,2024-12-23,06:40:24,UCOI,MC12v1,,,,0
343,IN,2024-12-20,13:06:24,2024-12-23,06:42:10,UCOI,MC13v1,,,,0
343,IN,2024-12-20,13:06:24,2024-12-24,04:46:25,UGA,MC37v1,,,,0
343,IN,2024-12-20,13:06:24,2024-12-23,06:39:41,UNISS,MC24v1,,,,0
343,IN,2024-12-20,13:06:24,2024-12-24,04:34:15,UPV,MC20v1,,,,0
349,IN,2024-12-23,05:25:30,2024-12-23,06:27:03,UPV,MC18v1,,,,41
350,IN,2024-12-23,06:51:26,2024-12-23,07:43:42,UCOI,MC11v1,,,,0
352,FR,2024-12-23,16:02:23,2024-12-23,16:02:41,UGA,MC34v1,92.0,2024-12-23,21:01:27,57
352,FR,2024-12-23,16:02:23,2024-12-24,08:15:03,UGA,MC35v1,92.0,2024-12-24,13:22:48,55
353,FR,2024-12-23,21:25:33,2024-12-23,21:41:11,UGA,MC34v1,96.0,2024-12-23,23:56:22,48
353,FR,2024-12-23,21:25:33,2024-12-23,21:26:03,UGA,MC35v1,96.0,2024-12-24,00:37:06,49
354,FR,2024-12-25,13:14:01,2024-12-25,13:14:20,UGA,MC34v1,80.0,2024-12-25,13:35:51,35
354,FR,2024-12-25,13:14:01,2024-12-25,13:14:05,UGA,MC35v1,56.0,2024-12-25,13:41:04,18
355,ES,2024-12-26,11:47:01,2024-12-26,11:49:23,HU,MC44v1,,,,2
356,IN,2024-12-27,05:00:17,2025-01-02,04:28:25,DTU,MC31v1,57.0,2025-01-02,04:44:25,21
356,IN,2024-12-27,05:00:17,2025-01-02,04:28:36,DTU,MC32v1,92.0,2025-01-02,04:55:34,29
356,IN,2024-12-27,05:00:17,2025-01-02,04:28:57,HU,MC41v1,,,,73
356,IN,2024-12-27,05:00:17,2024-12-31,08:57:01,NUIM,MC02v1,83.0,2024-12-31,11:40:22,131
356,IN,2024-12-27,05:00:17,2024-12-31,11:41:07,NUIM,MC06v1,60.0,2024-12-31,12:08:52,45
356,IN,2024-12-27,05:00:17,2024-12-31,07:02:01,UCOI,MC11v1,82.0,2024-12-31,08:56:31,93
356,IN,2024-12-27,05:00:17,2024-12-27,07:20:59,UCOI,MC12v1,73.0,2024-12-27,07:46:02,54
356,IN,2024-12-27,05:00:17,2024-12-27,07:50:41,UCOI,MC13v1,50.0,2024-12-27,08:04:42,36
356,IN,2024-12-27,05:00:17,2024-12-27,08:05:09,UGA,MC33v1,91.0,2024-12-27,08:22:31,40
356,IN,2024-12-27,05:00:17,2025-01-02,12:51:55,UGA,MC35v1,96.0,2025-01-02,13:56:29,37
356,IN,2024-12-27,05:00:17,2024-12-31,12:11:31,UGA,MC36v1,,,,38
356,IN,2024-12-27,05:00:17,2024-12-27,08:23:46,UGA,MC37v1,50.0,2024-12-27,08:46:06,42
356,IN,2024-12-27,05:00:17,2024-12-27,06:08:28,UNISS,MC24v1,88.0,2024-12-27,06:58:00,58
356,IN,2024-12-27,05:00:17,2024-12-30,05:30:41,UNISS,MC26v2,,,,102
356,IN,2024-12-27,05:00:17,2024-12-27,08:46:47,UPV,MC18v1,74.0,2024-12-27,09:56:33,81
356,IN,2024-12-27,05:00:17,2024-12-27,09:57:03,UPV,MC20v1,94.0,2024-12-30,04:57:58,94
356,IN,2024-12-27,05:00:17,2024-12-27,10:18:01,UPV,MC21v1,90.0,2024-12-30,05:30:15,76
357,IE,2024-12-27,19:36:14,2024-12-27,19:36:29,NUIM,MC04v1,70.0,2025-01-14,18:25:31,46
358,ES,2024-12-28,21:50:25,2024-12-28,21:50:31,UPV,MC21v1,,,,49
359,IT,2024-12-29,11:38:18,2024-12-29,11:39:54,UNISS,MC23v1,,,,0
360,FR,2024-12-31,14:52:47,2024-12-31,14:54:27,UGA,MC34v1,92.0,2024-12-31,15:37:09,36
361,ZA,2025-01-01,12:10:33,2025-01-01,12:11:15,UCOI,MC11v1,,,,7
362,FR,2025-01-01,16:53:56,2025-01-01,17:20:43,UGA,MC34v1,88.0,2025-01-01,17:39:26,32
362,FR,2025-01-01,16:53:56,2025-01-01,16:54:40,UGA,MC35v1,92.0,2025-01-01,17:14:58,37
365,ES,2025-01-02,14:50:46,2025-01-02,14:51:45,UPV,MC19v1,,,,73
366,BE,2025-01-03,13:35:26,2025-01-03,13:35:31,UNISS,MC23v1,,,,1
367,FR,2025-01-03,14:51:42,2025-01-03,15:18:49,UGA,MC34v1,88.0,2025-01-03,15:29:58,37
367,FR,2025-01-03,14:51:42,2025-01-03,15:03:10,UGA,MC35v1,92.0,2025-01-03,15:15:45,37
368,FR,2025-01-03,16:08:39,2025-01-03,16:10:14,UGA,MC34v1,56.0,2025-01-03,16:21:39,19
368,FR,2025-01-03,16:08:39,2025-01-03,16:27:44,UGA,MC35v1,60.0,2025-01-03,16:32:22,18
369,FR,2025-01-06,08:40:14,2025-01-06,09:26:01,UGA,MC34v1,84.0,2025-01-06,09:56:22,40
369,FR,2025-01-06,08:40:14,2025-01-06,08:40:23,UGA,MC35v1,88.0,2025-01-06,09:24:53,39
370,FR,2025-01-06,09:16:56,2025-01-06,09:17:08,UGA,MC34v1,,,,0
370,FR,2025-01-06,09:16:56,2025-01-06,09:18:14,UGA,MC35v1,,,,0
371,FR,2025-01-06,10:03:25,2025-01-06,10:03:31,UGA,MC34v1,88.0,2025-01-06,10:25:21,40
372,IE,2025-01-06,23:52:01,2025-01-06,23:52:50,HU,MC44v1,93.0,2025-01-08,11:51:47,65
373,IN,2025-01-07,12:31:28,2025-01-07,15:51:35,UCOI,MC12v1,,,,53
374,IE,2025-01-07,14:37:07,2025-01-07,14:42:30,HU,MC44v1,90.0,2025-01-07,15:41:44,60
375,IE,2025-01-07,14:55:43,2025-01-07,14:55:49,HU,MC44v1,94.0,2025-01-07,16:12:08,67
376,IE,2025-01-08,14:33:56,2025-01-08,14:35:11,HU,MC44v1,81.0,2025-01-08,15:39:59,62
377,IN,2025-01-09,08:56:00,2025-01-09,09:00:15,HU,MC41v1,,,,19
377,IN,2025-01-09,08:56:00,2025-01-09,08:57:50,NUIM,MC06v1,,,,0
378,FR,2025-01-09,11:45:02,2025-01-09,11:45:09,UGA,MC34v1,84.0,2025-01-31,09:09:33,55
379,FR,2025-01-09,13:02:57,2025-01-09,13:03:07,UGA,MC34v1,,,,0
380,FR,2025-01-09,13:21:32,2025-01-09,13:21:40,UGA,MC34v1,,,,0
381,FR,2025-01-09,13:27:52,2025-01-09,13:28:12,UGA,MC34v1,92.0,2025-01-09,13:46:05,52
382,FR,2025-01-09,15:35:22,2025-01-09,15:35:28,UGA,MC34v1,88.0,2025-01-09,19:22:48,53
385,RO,2025-01-09,19:37:57,2025-01-09,19:38:05,UGA,MC34v1,76.0,2025-01-19,02:04:17,56
387,IT,2025-01-10,11:13:45,2025-01-18,01:19:18,UCOI,MC16v1,,,,3
388,ES,2025-01-13,07:35:19,2025-01-13,07:36:03,DTU,MC30v1,,,,3
389,IE,2025-01-13,12:35:15,2025-01-13,12:38:41,HU,MC40v1,,,,0
389,IE,2025-01-13,12:35:15,2025-01-13,12:39:27,HU,MC41v1,,,,0
389,IE,2025-01-13,12:35:15,2025-01-13,12:38:07,HU,MC44v1,,,,0
389,IE,2025-01-13,12:35:15,2025-01-13,12:36:34,NUIM,MC02v1,,,,0
389,IE,2025-01-13,12:35:15,2025-01-13,12:37:26,NUIM,MC04v1,,,,0
389,IE,2025-01-13,12:35:15,2025-01-13,12:37:41,NUIM,MC06v1,,,,0
389,IE,2025-01-13,12:35:15,2025-01-13,12:35:38,UCOI,MC11v1,,,,0
389,IE,2025-01-13,12:35:15,2025-01-13,12:38:58,UGA,MC35v1,,,,0
389,IE,2025-01-13,12:35:15,2025-01-13,12:39:12,UNISS,MC23v1,,,,0
390,IE,2025-01-13,12:51:06,2025-01-22,16:26:45,DTU,MC31v1,,,,7
391,MT,2025-01-13,16:02:43,2025-01-13,16:04:38,UCOI,MC13v1,,,,0
391,MT,2025-01-13,16:02:43,2025-01-13,16:04:12,UPV,MC18v1,,,,0
392,IE,2025-01-13,16:31:05,2025-02-07,12:26:40,HU,MC42v1,,,,0
392,IE,2025-01-13,16:31:05,2025-02-07,12:26:03,HU,MC43v1,,,,0
392,IE,2025-01-13,16:31:05,2025-02-07,12:22:39,NUIM,MC02v1,,,,0
392,IE,2025-01-13,16:31:05,2025-02-07,12:24:03,UCOI,MC16v1,,,,0
392,IE,2025-01-13,16:31:05,2025-02-07,12:25:22,UNISS,MC23v1,,,,0
392,IE,2025-01-13,16:31:05,2025-01-13,16:31:11,UNISS,MC24v1,,,,0
392,IE,2025-01-13,16:31:05,2025-02-07,12:24:23,UPV,MC18v1,,,,0
392,IE,2025-01-13,16:31:05,2025-02-07,12:23:21,UPV,MC19v1,,,,0
392,IE,2025-01-13,16:31:05,2025-02-07,12:24:57,UPV,MC20v1,,,,0
393,FR,2025-01-13,22:42:59,2025-01-13,22:43:32,UGA,MC34v1,72.0,2025-01-18,15:23:03,57
394,IE,2025-01-14,13:01:00,2025-01-14,13:01:08,NUIM,MC06v1,60.0,2025-01-20,16:53:10,54
395,IE,2025-01-14,13:33:36,2025-01-14,13:33:42,HU,MC43v1,,,,60
396,ES,2025-01-15,12:04:47,2025-01-15,12:07:16,UPV,MC21v1,,,,0
399,IE,2025-01-15,23:39:22,2025-01-18,16:57:22,NUIM,MC01v1,80.0,2025-01-21,20:25:00,66
399,IE,2025-01-15,23:39:22,2025-01-15,23:39:52,NUIM,MC04v1,60.0,2025-01-16,00:44:30,45
399,IE,2025-01-15,23:39:22,2025-01-18,16:53:49,NUIM,MC06v1,,,,1
399,IE,2025-01-15,23:39:22,2025-01-21,21:04:17,UGA,MC36v1,,,,50
399,IE,2025-01-15,23:39:22,2025-01-16,17:10:06,UNISS,MC25v1,84.0,2025-01-17,11:41:57,44
399,IE,2025-01-15,23:39:22,2025-01-22,01:07:26,UPV,MC18v1,82.0,2025-01-22,12:50:39,126
400,IE,2025-01-16,14:07:05,2025-01-16,14:08:33,NUIM,MC02v1,54.0,2025-01-16,15:48:49,108
400,IE,2025-01-16,14:07:05,2025-01-16,16:01:03,NUIM,MC03v1,70.0,2025-01-16,16:07:47,17
401,AE,2025-01-16,18:41:09,2025-01-16,18:41:15,DTU,MC30v1,97.0,2025-01-17,05:05:49,39
401,AE,2025-01-16,18:41:09,2025-01-16,18:43:52,NUIM,MC06v1,80.0,2025-01-17,04:34:04,53
401,AE,2025-01-16,18:41:09,2025-01-16,18:41:47,UGA,MC35v1,96.0,2025-01-17,05:02:47,51
402,FR,2025-01-16,22:32:56,2025-01-16,22:33:44,UGA,MC34v1,88.0,2025-01-23,16:58:02,57
402,FR,2025-01-16,22:32:56,2025-01-16,22:33:56,UGA,MC35v1,80.0,2025-01-23,16:12:07,55
403,LK,2025-01-17,17:19:37,2025-01-17,17:25:19,NUIM,MC01v1,90.0,2025-01-17,19:35:23,59
403,LK,2025-01-17,17:19:37,2025-01-17,17:19:44,NUIM,MC06v1,,,,46
403,LK,2025-01-17,17:19:37,2025-01-17,17:25:28,UCOI,MC14v1,88.0,2025-01-18,10:43:38,54
403,LK,2025-01-17,17:19:37,2025-01-17,17:19:51,UGA,MC36v1,,,,2
405,ES,2025-01-18,12:13:15,2025-01-18,12:40:07,DTU,MC30v1,,,,3
406,IE,2025-01-18,12:23:33,2025-01-18,12:28:33,DTU,MC27v1,70.0,2025-01-18,12:46:44,45
406,IE,2025-01-18,12:23:33,2025-01-18,12:58:34,UCOI,MC16v1,84.0,2025-01-18,13:04:45,43
407,FR,2025-01-18,12:27:48,2025-01-18,12:28:02,UGA,MC35v1,92.0,2025-01-18,12:55:17,41
408,IE,2025-01-18,13:02:41,2025-01-23,22:37:23,HU,MC41v1,,,,0
408,IE,2025-01-18,13:02:41,2025-01-18,13:02:53,NUIM,MC06v1,,,,54
408,IE,2025-01-18,13:02:41,2025-01-23,22:36:51,UCOI,MC11v1,,,,0
409,IE,2025-01-18,13:57:52,2025-01-18,13:57:56,UNISS,MC23v1,80.0,2025-01-18,16:12:01,70
410,NL,2025-01-18,15:44:16,2025-01-18,15:44:22,HU,MC44v1,97.0,2025-01-18,16:27:53,56
410,NL,2025-01-18,15:44:16,2025-01-18,16:37:41,NUIM,MC04v1,80.0,2025-01-18,17:28:33,33
411,IE,2025-01-18,16:04:41,2025-01-18,16:23:55,HU,MC44v1,87.0,2025-01-18,18:42:05,65
412,IE,2025-01-18,16:25:41,2025-01-19,23:37:01,HU,MC44v1,,,,34
412,IE,2025-01-18,16:25:41,2025-01-18,16:27:02,NUIM,MC04v1,70.0,2025-01-18,20:24:34,46
413,IE,2025-01-18,16:36:22,2025-01-18,16:46:11,NUIM,MC01v1,90.0,2025-01-20,00:38:48,58
414,IE,2025-01-18,16:39:28,2025-01-18,16:45:16,NUIM,MC04v1,,,,0
414,IE,2025-01-18,16:39:28,2025-01-18,16:52:16,NUIM,MC06v1,60.0,2025-01-18,19:22:15,50
415,IE,2025-01-18,19:44:58,2025-01-18,19:49:57,NUIM,MC01v1,90.0,2025-01-19,20:11:47,66
416,IE,2025-01-19,12:02:29,2025-01-19,12:02:35,NUIM,MC06v1,70.0,2025-02-06,17:54:59,53
417,IE,2025-01-19,16:16:09,2025-01-19,16:16:15,NUIM,MC06v1,,,,1
417,IE,2025-01-19,16:16:09,2025-01-19,16:19:04,UNIPAR,MC07v1,80.0,2025-01-19,22:38:10,47
418,FR,2025-01-19,16:54:12,2025-01-19,16:54:19,UGA,MC35v1,88.0,2025-01-19,17:17:25,54
419,IE,2025-01-19,17:44:16,2025-01-19,17:45:18,DTU,MC32v1,84.0,2025-01-21,09:12:20,29
419,IE,2025-01-19,17:44:16,2025-01-21,10:13:11,NUIM,MC01v1,70.0,2025-01-21,10:26:52,44
419,IE,2025-01-19,17:44:16,2025-01-19,17:45:54,NUIM,MC02v1,,,,0
419,IE,2025-01-19,17:44:16,2025-01-21,10:29:36,UCOI,MC14v1,,,,47
419,IE,2025-01-19,17:44:16,2025-01-19,17:44:22,UGA,MC36v1,,,,17
420,IE,2025-01-19,20:21:41,2025-01-20,15:57:15,UGA,MC34v1,80.0,2025-01-20,18:50:20,57
421,IE,2025-01-20,12:21:24,2025-01-22,13:02:55,HU,MC41v1,,,,0
421,IE,2025-01-20,12:21:24,2025-01-22,13:05:08,HU,MC44v1,,,,0
421,IE,2025-01-20,12:21:24,2025-01-22,12:59:14,NUIM,MC04v1,70.0,2025-01-23,21:08:18,45
421,IE,2025-01-20,12:21:24,2025-01-22,12:47:05,UNISS,MC25v1,,,,0
422,IE,2025-01-20,12:46:19,2025-01-20,12:46:26,NUIM,MC04v1,70.0,2025-01-20,13:58:31,46
423,IE,2025-01-20,16:33:54,2025-01-21,22:22:58,HU,MC41v1,65.0,2025-01-23,12:03:58,85
424,IE,2025-01-20,17:46:21,2025-01-20,17:46:29,NUIM,MC02v1,84.0,2025-01-20,19:46:31,131
425,IE,2025-01-21,11:05:37,2025-01-21,11:05:41,NUIM,MC02v1,80.0,2025-01-21,11:55:00,128
426,IE,2025-01-21,13:11:59,2025-01-21,13:12:03,HU,MC44v1,97.0,2025-01-21,13:28:34,67
427,IE,2025-01-21,13:48:21,2025-01-21,13:48:25,NUIM,MC04v1,90.0,2025-01-21,14:37:28,41
428,IE,2025-01-21,14:54:42,2025-01-21,14:57:02,HU,MC41v1,53.0,2025-01-21,15:56:59,89
428,IE,2025-01-21,14:54:42,2025-01-21,16:12:32,HU,MC44v1,,,,53
429,IE,2025-01-21,15:24:32,2025-01-23,14:23:03,HU,MC44v1,,,,1
429,IE,2025-01-21,15:24:32,2025-01-21,15:24:37,UGA,MC34v1,,,,3
430,IE,2025-01-21,18:14:36,2025-01-21,18:14:40,NUIM,MC01v1,,,,12
430,IE,2025-01-21,18:14:36,2025-01-21,18:44:29,NUIM,MC05v1,90.0,2025-01-21,22:04:19,45
431,IE,2025-01-21,19:09:49,2025-01-23,18:04:15,NUIM,MC01v1,90.0,2025-01-23,18:30:09,45
431,IE,2025-01-21,19:09:49,2025-01-21,19:44:35,UCOI,MC11v1,,,,93
432,IE,2025-01-21,19:20:01,2025-01-21,20:29:39,HU,MC44v1,86.0,2025-01-22,16:53:07,67
432,IE,2025-01-21,19:20:01,2025-01-21,19:20:23,NUIM,MC06v1,50.0,2025-01-21,20:19:10,50
433,IE,2025-01-21,20:37:38,2025-01-21,20:38:04,NUIM,MC06v1,50.0,2025-01-21,21:29:19,53
434,IE,2025-01-22,03:34:27,2025-01-22,03:34:34,NUIM,MC02v1,,,,60
435,FR,2025-01-22,09:33:57,2025-01-22,09:45:39,UGA,MC34v1,,,,0
436,IE,2025-01-22,12:46:04,2025-01-22,12:46:15,UNIPAR,MC07v1,90.0,2025-01-22,14:03:38,46
437,IE,2025-01-22,12:56:22,2025-01-22,12:56:27,NUIM,MC06v1,50.0,2025-01-22,13:38:16,53
438,IE,2025-01-22,13:21:01,2025-01-22,13:21:11,NUIM,MC06v1,100.0,2025-01-22,13:58:21,54
439,ES,2025-01-22,13:52:33,2025-02-10,18:15:15,NUIM,MC02v1,,,,58
439,ES,2025-01-22,13:52:33,2025-01-22,14:00:42,UCOI,MC11v1,78.0,2025-02-10,18:00:30,103
440,IE,2025-01-22,15:17:49,2025-01-22,15:17:56,NUIM,MC06v1,80.0,2025-01-23,09:40:54,53
441,IE,2025-01-22,15:23:27,2025-01-22,15:23:32,NUIM,MC02v1,,,,0
442,IE,2025-01-22,16:19:55,2025-01-22,16:20:11,NUIM,MC06v1,100.0,2025-01-22,17:02:23,45
443,IE,2025-01-22,16:22:26,2025-01-23,16:52:46,NUIM,MC01v1,,,,0
443,IE,2025-01-22,16:22:26,2025-01-23,16:51:40,NUIM,MC02v1,,,,0
443,IE,2025-01-22,16:22:26,2025-01-22,16:24:50,NUIM,MC04v1,80.0,2025-01-22,16:47:13,32
444,IE,2025-01-22,16:32:52,2025-01-22,17:14:15,NUIM,MC06v1,,,,54
445,IE,2025-01-22,16:39:36,2025-01-22,16:42:29,HU,MC44v1,91.0,2025-01-23,16:39:44,65
445,IE,2025-01-22,16:39:36,2025-01-22,16:39:48,NUIM,MC03v1,,,,0
446,IE,2025-01-22,19:47:39,2025-01-23,10:41:58,DTU,MC30v1,96.0,2025-01-23,10:58:19,36
447,IE,2025-01-22,22:22:38,2025-01-23,16:50:09,HU,MC44v1,100.0,2025-01-23,20:02:47,67
448,IE,2025-01-22,22:50:26,2025-01-22,22:50:32,NUIM,MC05v1,90.0,2025-01-23,00:23:32,45
449,IE,2025-01-23,00:47:59,2025-01-23,00:48:09,UPV,MC17v1,78.0,2025-01-23,01:11:27,54
450,SE,2025-01-23,08:06:18,2025-01-23,11:41:31,DTU,MC31v1,,,,8
452,IE,2025-01-23,14:53:35,2025-01-23,14:55:35,HU,MC41v1,52.0,2025-01-23,21:58:20,86
453,IE,2025-01-23,15:12:22,2025-01-23,15:13:17,UCOI,MC11v1,,,,7
454,IE,2025-01-23,15:47:13,2025-01-23,16:10:24,UCOI,MC11v1,,,,48
456,IE,2025-01-23,17:42:40,2025-01-23,17:43:20,NUIM,MC06v1,80.0,2025-01-23,18:20:53,54
456,IE,2025-01-23,17:42:40,2025-01-23,18:34:05,UCOI,MC11v1,,,,0
456,IE,2025-01-23,17:42:40,2025-01-23,18:29:12,UNIPAR,MC08v1,,,,0
457,IE,2025-01-23,17:53:36,2025-01-23,17:53:43,DTU,MC27v1,80.0,2025-01-23,18:16:26,51
457,IE,2025-01-23,17:53:36,2025-01-23,22:27:11,DTU,MC32v1,96.0,2025-01-23,22:43:43,33
458,IE,2025-01-23,18:40:45,2025-01-23,18:40:50,UNISS,MC26v2,,,,118
459,IE,2025-01-23,19:56:41,2025-01-23,19:56:48,UPV,MC17v1,70.0,2025-01-23,20:54:26,90
461,FR,2025-01-23,21:30:15,2025-01-23,21:31:09,UGA,MC35v1,80.0,2025-01-23,21:57:20,48
462,IE,2025-01-23,22:34:55,2025-01-23,22:35:17,NUIM,MC01v1,100.0,2025-01-23,23:32:21,66
462,IE,2025-01-23,22:34:55,2025-01-23,23:34:31,NUIM,MC04v1,80.0,2025-01-24,00:07:33,44
463,IE,2025-01-23,23:38:51,2025-01-23,23:46:33,NUIM,MC01v1,100.0,2025-01-24,00:02:51,46
464,IE,2025-01-26,23:58:32,2025-01-27,00:01:31,NUIM,MC06v1,100.0,2025-01-27,00:20:04,37
465,IE,2025-01-27,00:10:22,2025-01-27,00:10:33,NUIM,MC05v1,90.0,2025-01-27,01:09:14,34
466,IE,2025-01-27,00:33:46,2025-01-27,00:38:35,UNIPAR,MC08v1,,,,17
467,IE,2025-01-27,00:39:33,2025-01-27,00:42:43,NUIM,MC06v1,60.0,2025-01-27,01:12:08,54
468,IE,2025-01-27,00:41:31,2025-01-27,00:42:08,UCOI,MC11v1,52.0,2025-01-27,01:34:24,82
469,TH,2025-01-27,01:27:28,2025-01-27,01:28:56,UCOI,MC12v1,,,,2
470,IE,2025-01-27,02:14:06,2025-01-27,02:16:16,NUIM,MC06v1,80.0,2025-01-27,09:58:07,53
471,IE,2025-01-27,02:19:17,2025-01-27,02:19:26,NUIM,MC01v1,100.0,2025-01-27,02:35:15,44
472,IN,2025-01-27,02:31:12,2025-01-27,02:31:18,HU,MC44v1,94.0,2025-01-27,09:25:32,62
473,IE,2025-01-27,02:35:33,2025-01-27,02:36:12,UCOI,MC11v1,,,,8
475,IE,2025-01-27,09:20:59,2025-01-27,09:21:03,NUIM,MC05v1,,,,18
476,IE,2025-01-27,09:31:00,2025-01-27,09:31:23,NUIM,MC02v1,,,,132
477,IE,2025-01-27,09:55:22,2025-01-27,09:55:27,DTU,MC32v1,57.0,2025-01-27,10:01:47,22
478,IE,2025-01-27,10:10:21,2025-01-27,10:10:25,NUIM,MC05v1,90.0,2025-01-27,10:25:45,32
481,IE,2025-01-27,10:55:24,2025-01-27,10:58:12,DTU,MC30v1,81.0,2025-01-27,11:21:39,36
481,IE,2025-01-27,10:55:24,2025-01-27,11:29:31,NUIM,MC02v1,,,,112
486,IT,2025-01-27,11:30:37,2025-01-27,11:32:36,UNIPAR,MC07v1,,,,1
487,IE,2025-01-27,11:41:10,2025-01-27,11:42:09,NUIM,MC04v1,,,,12
488,SE,2025-01-27,12:12:44,2025-01-27,12:13:38,UCOI,MC11v1,,,,2
490,IE,2025-01-27,12:43:23,2025-01-27,13:07:38,NUIM,MC02v1,84.0,2025-01-27,15:01:01,131
490,IE,2025-01-27,12:43:23,2025-01-27,12:43:43,NUIM,MC03v1,90.0,2025-01-27,13:03:35,32
491,NG,2025-01-27,14:05:20,2025-01-27,16:04:53,DTU,MC32v1,85.0,2025-01-27,16:46:07,32
491,NG,2025-01-27,14:05:20,2025-01-28,15:27:05,UNISS,MC22v1,66.0,2025-01-28,17:07:16,54
491,NG,2025-01-27,14:05:20,2025-01-27,14:11:13,UNISS,MC23v1,51.0,2025-01-27,15:46:36,56
491,NG,2025-01-27,14:05:20,2025-01-29,14:43:09,UPV,MC19v1,,,,45
492,BD,2025-01-27,16:16:08,2025-01-27,16:24:48,UCOI,MC11v1,,,,0
493,IN,2025-01-27,16:48:49,2025-01-27,16:48:53,NUIM,MC04v1,,,,8
494,IE,2025-01-27,17:53:20,2025-01-27,17:53:23,DTU,MC32v1,,,,9
494,IE,2025-01-27,17:53:20,2025-01-27,18:07:00,NUIM,MC06v1,70.0,2025-01-27,18:16:03,35
495,ML,2025-01-28,08:06:52,2025-01-28,08:10:19,UCOI,MC11v1,,,,69
496,SE,2025-01-28,11:19:23,2025-01-28,11:20:11,UCOI,MC11v1,,,,1
500,SE,2025-01-28,18:49:31,2025-01-28,18:52:06,UNISS,MC25v1,,,,1
509,SE,2025-01-29,10:57:38,2025-01-29,10:57:43,NUIM,MC02v1,,,,72
510,NL,2025-01-29,12:50:40,2025-01-29,12:50:44,NUIM,MC02v1,,,,3
511,IT,2025-01-29,14:02:55,2025-01-29,14:09:03,DTU,MC30v1,,,,0
511,IT,2025-01-29,14:02:55,2025-01-29,14:05:47,UCOI,MC12v1,,,,0
511,IT,2025-01-29,14:02:55,2025-01-29,14:05:17,UCOI,MC13v1,,,,0
511,IT,2025-01-29,14:02:55,2025-01-29,14:06:06,UCOI,MC15v1,,,,0
511,IT,2025-01-29,14:02:55,2025-01-29,14:08:24,UNISS,MC22v1,,,,7
511,IT,2025-01-29,14:02:55,2025-01-29,14:08:42,UNISS,MC23v1,,,,0
511,IT,2025-01-29,14:02:55,2025-01-29,14:03:00,UPV,MC17v1,,,,0
511,IT,2025-01-29,14:02:55,2025-01-29,14:03:40,UPV,MC18v1,,,,0
511,IT,2025-01-29,14:02:55,2025-01-29,14:07:27,UPV,MC19v1,,,,0
511,IT,2025-01-29,14:02:55,2025-01-29,14:08:16,UPV,MC20v1,,,,0
512,ES,2025-01-29,14:41:41,2025-01-29,14:42:11,HU,MC43v1,55.0,2025-01-29,14:50:36,21
513,ES,2025-01-29,15:24:25,2025-01-29,15:24:31,UNISS,MC26v2,,,,11
514,ES,2025-01-29,16:52:45,2025-01-29,16:54:35,HU,MC40v1,,,,0
515,TR,2025-01-30,11:50:10,2025-01-30,11:50:18,NUIM,MC01v1,,,,1
516,FR,2025-01-30,18:49:06,2025-01-30,18:49:25,UGA,MC34v1,,,,0
517,IE,2025-01-30,19:39:34,2025-01-30,19:40:07,UNISS,MC23v1,,,,0
519,FR,2025-01-31,09:32:27,2025-01-31,09:32:35,UGA,MC34v1,88.0,2025-01-31,09:52:19,36
520,ES,2025-01-31,14:00:14,2025-01-31,14:01:41,UPV,MC17v1,78.0,2025-01-31,19:22:07,81
521,FR,2025-01-31,17:17:49,2025-01-31,17:17:59,UGA,MC34v1,,,,36
522,ES,2025-01-31,17:18:31,2025-01-31,17:18:48,UPV,MC17v1,,,,2
523,ES,2025-01-31,17:45:03,2025-01-31,17:45:07,UNIPAR,MC09v1,,,,6
524,IN,2025-02-01,04:51:31,2025-02-01,04:51:41,HU,MC43v1,77.0,2025-02-01,08:58:24,65
526,IE,2025-02-02,08:24:14,2025-02-02,08:24:19,UNIPAR,MC07v1,,,,3
527,ES,2025-02-02,10:31:09,2025-02-02,10:31:44,UCOI,MC11v1,,,,0
528,IT,2025-02-02,20:57:17,2025-02-02,21:00:27,DTU,MC28v1,,,,0
528,IT,2025-02-02,20:57:17,2025-02-02,21:00:48,HU,MC40v1,,,,1
528,IT,2025-02-02,20:57:17,2025-02-02,20:57:21,NUIM,MC02v1,,,,7
528,IT,2025-02-02,20:57:17,2025-02-02,21:01:22,UCOI,MC14v1,,,,0
529,PT,2025-02-03,00:07:10,2025-02-03,00:07:32,UCOI,MC16v1,,,,0
531,SE,2025-02-03,10:07:59,2025-02-03,13:45:51,UCOI,MC11v1,,,,0
532,ES,2025-02-03,10:53:28,2025-02-03,10:54:39,UPV,MC18v1,,,,0
533,ES,2025-02-03,12:08:36,2025-02-03,12:08:51,HU,MC39v1,55.0,2025-02-03,12:16:08,21
534,IE,2025-02-03,20:12:12,2025-02-03,20:12:15,NUIM,MC02v1,65.0,2025-02-03,21:08:41,128
535,FR,2025-02-04,05:09:31,2025-02-04,05:10:50,NUIM,MC06v1,,,,1
536,ES,2025-02-04,14:57:21,2025-02-10,13:17:59,UCOI,MC15v1,,,,14
536,ES,2025-02-04,14:57:21,2025-02-04,14:57:33,UNIPAR,MC07v1,,,,1
538,IE,2025-02-05,12:40:37,2025-02-05,12:40:49,HU,MC43v1,77.0,2025-02-10,21:50:10,63
539,ES,2025-02-05,14:06:36,2025-02-05,14:08:29,NUIM,MC06v1,,,,0
540,IE,2025-02-05,16:20:57,2025-02-05,16:27:07,HU,MC43v1,82.0,2025-02-07,10:36:43,63
541,IE,2025-02-05,16:22:29,2025-02-05,16:22:35,HU,MC43v1,74.0,2025-02-05,16:40:35,51
542,IE,2025-02-05,16:25:00,2025-02-05,16:27:15,HU,MC43v1,88.0,2025-02-12,08:57:27,55
543,IE,2025-02-05,16:29:17,2025-02-09,21:15:54,HU,MC43v1,69.0,2025-02-11,20:03:26,52
544,IE,2025-02-05,16:32:47,2025-02-05,16:32:52,HU,MC43v1,,,,1
545,IE,2025-02-05,17:11:07,2025-02-11,12:33:06,HU,MC43v1,90.0,2025-02-11,17:39:37,61
546,IE,2025-02-05,17:22:03,2025-02-05,17:22:12,HU,MC43v1,84.0,2025-02-06,12:03:20,52
547,IE,2025-02-05,17:23:09,2025-02-05,17:23:13,HU,MC43v1,50.0,2025-02-11,11:10:18,62
548,IE,2025-02-05,18:01:59,2025-02-05,18:04:59,HU,MC43v1,93.0,2025-02-05,19:05:13,66
549,IE,2025-02-05,18:02:38,2025-02-05,18:04:57,HU,MC43v1,97.0,2025-02-05,19:05:33,66
550,IE,2025-02-05,18:11:25,2025-02-05,18:11:32,HU,MC43v1,81.0,2025-02-06,19:36:09,65
551,IE,2025-02-05,18:17:15,2025-02-05,18:17:24,HU,MC43v1,74.0,2025-02-10,17:04:28,66
552,IE,2025-02-05,18:47:37,2025-02-05,18:54:22,HU,MC43v1,83.0,2025-02-10,14:01:56,56
553,IE,2025-02-05,18:50:05,2025-02-07,08:36:54,HU,MC43v1,,,,11
554,IE,2025-02-05,19:28:03,2025-02-05,19:28:20,HU,MC43v1,77.0,2025-02-10,10:12:37,51
555,IE,2025-02-05,19:36:21,2025-02-06,12:58:21,HU,MC43v1,,,,3
556,IE,2025-02-05,20:11:30,2025-02-05,20:17:01,HU,MC43v1,97.0,2025-02-05,23:57:56,66
557,IE,2025-02-05,20:44:43,2025-02-05,20:45:01,HU,MC43v1,83.0,2025-02-12,15:12:20,65
558,IE,2025-02-05,20:49:22,2025-02-05,21:11:17,HU,MC43v1,78.0,2025-02-10,18:15:16,57
559,IE,2025-02-05,21:26:05,2025-02-05,21:26:11,HU,MC43v1,,,,0
560,IE,2025-02-05,22:04:43,2025-02-05,22:10:35,HU,MC43v1,90.0,2025-02-07,15:20:26,66
561,IE,2025-02-05,22:20:04,2025-02-05,22:25:43,HU,MC43v1,84.0,2025-02-06,00:46:06,65
562,IE,2025-02-05,22:21:45,2025-02-05,22:21:49,HU,MC43v1,,,,0
563,IE,2025-02-06,06:42:03,2025-02-06,06:42:11,HU,MC43v1,76.0,2025-02-09,13:01:34,66
564,IE,2025-02-06,11:04:44,2025-02-06,11:04:55,HU,MC43v1,88.0,2025-02-10,19:48:59,55
565,IE,2025-02-06,11:34:34,2025-02-06,11:34:49,HU,MC43v1,80.0,2025-02-09,15:01:02,63
567,IT,2025-02-06,11:51:59,2025-02-06,11:53:01,UNIPAR,MC08v1,,,,0
568,IE,2025-02-06,12:00:32,2025-02-06,12:00:39,HU,MC43v1,91.0,2025-02-06,12:27:42,51
570,IE,2025-02-06,12:25:11,2025-02-06,12:30:01,HU,MC43v1,,,,2
571,IE,2025-02-06,12:32:20,2025-02-06,12:32:29,HU,MC43v1,90.0,2025-02-06,14:45:10,66
572,IE,2025-02-06,13:21:44,2025-02-06,13:21:49,UCOI,MC11v1,,,,0
573,IE,2025-02-06,13:34:10,2025-02-06,13:34:15,HU,MC43v1,100.0,2025-02-06,13:59:54,52
574,IE,2025-02-06,14:07:50,2025-02-06,14:08:36,DTU,MC30v1,,,,0
575,IE,2025-02-06,14:08:08,2025-02-06,14:09:02,UCOI,MC11v1,,,,1
577,IE,2025-02-06,14:28:21,2025-02-06,14:28:31,NUIM,MC06v1,,,,1
578,IE,2025-02-06,14:53:28,2025-02-06,14:59:02,DTU,MC28v1,,,,0
578,IE,2025-02-06,14:53:28,2025-02-06,14:59:11,DTU,MC32v1,,,,0
578,IE,2025-02-06,14:53:28,2025-02-06,14:55:49,UNISS,MC22v1,,,,0
578,IE,2025-02-06,14:53:28,2025-02-06,14:54:57,UNISS,MC23v1,,,,0
579,IE,2025-02-06,15:02:07,2025-02-06,16:14:15,HU,MC43v1,97.0,2025-02-06,16:36:29,56
580,IE,2025-02-06,15:13:58,2025-02-06,15:17:37,HU,MC43v1,97.0,2025-02-06,22:24:41,51
581,IE,2025-02-06,15:22:09,2025-02-06,15:22:16,HU,MC43v1,85.0,2025-02-07,12:44:24,61
582,IE,2025-02-06,15:22:52,2025-02-06,15:22:56,HU,MC43v1,,,,0
583,IE,2025-02-06,15:27:05,2025-02-06,15:28:27,NUIM,MC06v1,,,,23
584,IE,2025-02-06,16:16:22,2025-02-06,16:21:13,HU,MC43v1,,,,13
585,IE,2025-02-06,16:23:17,2025-02-06,16:23:37,HU,MC43v1,97.0,2025-02-06,17:03:58,53
586,IE,2025-02-06,17:45:19,2025-02-06,17:45:32,HU,MC43v1,,,,51
587,IE,2025-02-06,18:28:19,2025-02-06,18:28:25,HU,MC43v1,97.0,2025-02-07,13:35:46,66
588,IE,2025-02-06,19:06:51,2025-02-06,19:07:03,HU,MC43v1,86.0,2025-02-06,19:34:32,51
589,IE,2025-02-06,20:24:29,2025-02-08,13:21:22,HU,MC43v1,75.0,2025-02-08,13:49:29,52
590,IE,2025-02-06,20:46:12,2025-02-06,20:46:17,HU,MC43v1,,,,0
591,IE,2025-02-06,20:56:45,2025-02-06,20:56:47,HU,MC43v1,,,,54
592,IE,2025-02-06,22:15:45,2025-02-06,22:24:27,HU,MC43v1,91.0,2025-02-08,17:02:42,51
592,IE,2025-02-06,22:15:45,2025-02-06,22:15:49,NUIM,MC02v1,,,,1
593,IE,2025-02-06,23:26:14,2025-02-06,23:26:19,HU,MC43v1,,,,54
594,IE,2025-02-06,23:28:14,2025-02-06,23:32:14,HU,MC43v1,80.0,2025-02-12,14:21:59,52
595,IE,2025-02-06,23:48:21,2025-02-06,23:48:25,HU,MC43v1,,,,4
596,IN,2025-02-07,05:15:47,2025-02-07,05:18:56,UCOI,MC11v1,,,,2
597,IE,2025-02-07,07:39:53,2025-02-07,07:40:07,HU,MC43v1,85.0,2025-02-07,14:16:02,63
598,IE,2025-02-07,08:08:14,2025-02-07,08:11:01,HU,MC43v1,85.0,2025-02-07,09:25:34,54
599,IE,2025-02-07,08:21:13,2025-02-07,08:21:19,HU,MC43v1,,,,0
600,IE,2025-02-07,09:02:30,2025-02-07,09:02:34,HU,MC43v1,80.0,2025-02-11,14:46:46,51
601,IE,2025-02-07,09:10:51,2025-02-07,09:13:19,HU,MC43v1,93.0,2025-02-11,17:15:24,52
602,IE,2025-02-07,09:15:14,2025-02-07,09:18:29,HU,MC43v1,78.0,2025-02-11,15:13:45,53
603,IE,2025-02-07,09:20:22,2025-02-07,09:20:40,HU,MC43v1,,,,31
604,IE,2025-02-07,09:27:20,2025-02-07,09:27:26,HU,MC43v1,71.0,2025-02-07,09:35:45,51
605,IE,2025-02-07,10:00:34,2025-02-07,10:00:46,HU,MC43v1,77.0,2025-02-07,10:18:28,51
606,IE,2025-02-07,10:07:00,2025-02-07,10:07:05,HU,MC43v1,83.0,2025-02-07,10:22:53,51
607,IE,2025-02-07,10:19:57,2025-02-07,10:20:14,HU,MC43v1,,,,1
608,IE,2025-02-07,10:20:56,2025-02-07,10:21:01,HU,MC43v1,94.0,2025-02-07,10:49:15,53
609,IE,2025-02-07,10:22:12,2025-02-07,10:22:18,HU,MC43v1,,,,1
610,IE,2025-02-07,10:28:30,2025-02-07,10:28:38,HU,MC43v1,88.0,2025-02-07,10:56:41,52
611,IE,2025-02-07,10:38:12,2025-02-07,10:38:33,HU,MC43v1,,,,2
612,IE,2025-02-07,10:42:51,2025-02-07,10:43:18,HU,MC43v1,,,,1
613,IE,2025-02-07,10:45:46,2025-02-07,10:45:57,HU,MC43v1,,,,5
614,IE,2025-02-07,11:11:50,2025-02-07,11:11:59,HU,MC43v1,,,,0
615,IE,2025-02-07,11:12:28,2025-02-13,13:25:05,HU,MC43v1,73.0,2025-02-13,13:48:03,52
616,IE,2025-02-07,11:13:35,2025-02-07,11:13:54,HU,MC43v1,97.0,2025-02-07,11:43:19,54
617,IE,2025-02-07,11:14:57,2025-02-13,14:54:56,HU,MC43v1,97.0,2025-02-13,15:26:27,52
617,IE,2025-02-07,11:14:57,2025-02-07,11:17:51,NUIM,MC01v1,,,,0
617,IE,2025-02-07,11:14:57,2025-02-07,11:17:22,NUIM,MC02v1,,,,1
617,IE,2025-02-07,11:14:57,2025-02-07,11:17:38,NUIM,MC03v1,,,,0
617,IE,2025-02-07,11:14:57,2025-02-07,11:19:02,NUIM,MC04v1,,,,0
617,IE,2025-02-07,11:14:57,2025-02-07,11:19:26,NUIM,MC05v1,,,,0
617,IE,2025-02-07,11:14:57,2025-02-07,11:19:45,NUIM,MC06v1,,,,14
618,IE,2025-02-07,11:15:53,2025-02-07,11:15:59,HU,MC43v1,91.0,2025-02-07,11:29:16,52
619,IE,2025-02-07,11:17:40,2025-02-07,11:19:44,NUIM,MC06v1,,,,45
620,IE,2025-02-07,11:17:54,2025-02-07,11:18:00,HU,MC43v1,86.0,2025-02-07,12:44:23,55
621,IE,2025-02-07,11:23:39,2025-02-07,11:24:11,HU,MC43v1,82.0,2025-02-07,11:43:52,51
622,IE,2025-02-07,11:38:30,2025-02-07,11:38:38,HU,MC43v1,,,,0
623,IE,2025-02-07,11:56:50,2025-02-07,11:57:20,HU,MC43v1,64.0,2025-02-07,12:26:56,51
624,IE,2025-02-07,12:02:34,2025-02-07,12:02:40,HU,MC43v1,81.0,2025-02-07,12:34:02,51
625,IE,2025-02-07,12:05:37,2025-02-07,12:05:54,HU,MC43v1,,,,5
626,IE,2025-02-07,12:14:16,2025-02-07,12:14:22,HU,MC43v1,55.0,2025-02-07,12:23:30,51
627,IE,2025-02-07,12:18:25,2025-02-07,13:08:05,HU,MC43v1,,,,14
628,IE,2025-02-07,12:37:44,2025-02-07,12:37:52,HU,MC43v1,82.0,2025-02-10,14:31:50,51
629,IE,2025-02-07,12:44:05,2025-02-07,12:45:08,HU,MC43v1,,,,40
630,IE,2025-02-07,12:54:33,2025-02-07,12:54:37,HU,MC43v1,80.0,2025-02-12,13:21:08,56
631,IE,2025-02-07,13:03:12,2025-02-07,13:03:26,HU,MC43v1,,,,0
633,IE,2025-02-07,13:13:01,2025-02-07,13:13:21,HU,MC43v1,91.0,2025-02-11,18:14:38,53
634,IE,2025-02-07,13:17:04,2025-02-07,13:17:10,HU,MC43v1,,,,0
635,IE,2025-02-07,13:17:53,2025-02-07,13:17:56,HU,MC43v1,,,,0
636,IE,2025-02-07,13:19:19,2025-02-07,13:19:23,HU,MC43v1,89.0,2025-02-09,14:38:29,51
637,IE,2025-02-07,13:28:57,2025-02-07,13:29:06,HU,MC43v1,84.0,2025-02-11,16:28:28,51
638,IE,2025-02-07,13:56:41,2025-02-07,13:56:52,HU,MC43v1,90.0,2025-02-10,12:01:13,61
662,IE,2025-02-07,14:28:43,2025-02-07,14:28:50,HU,MC43v1,,,,0
663,PT,2025-02-07,14:29:57,2025-02-07,14:30:01,HU,MC41v1,,,,0
666,IE,2025-02-07,15:03:38,2025-02-07,15:04:16,HU,MC43v1,76.0,2025-02-07,15:56:40,52
667,IE,2025-02-07,15:09:07,2025-02-07,15:09:10,HU,MC43v1,70.0,2025-02-11,20:02:04,52
669,IE,2025-02-07,15:16:49,2025-02-07,15:21:25,HU,MC43v1,96.0,2025-02-09,20:32:11,66
670,IE,2025-02-07,15:44:11,2025-02-07,15:44:19,HU,MC43v1,,,,52
671,IE,2025-02-07,16:10:40,2025-02-07,16:10:46,HU,MC43v1,79.0,2025-02-10,23:49:27,66
673,IE,2025-02-07,16:28:44,2025-02-07,16:28:50,HU,MC43v1,94.0,2025-02-11,20:00:53,53
674,IE,2025-02-07,16:46:52,2025-02-07,16:46:55,HU,MC43v1,,,,51
675,IE,2025-02-07,16:52:06,2025-02-07,16:54:02,HU,MC41v1,,,,19
675,IE,2025-02-07,16:52:06,2025-02-10,19:40:05,NUIM,MC01v1,,,,1
676,IE,2025-02-07,18:15:10,2025-02-07,18:15:16,HU,MC43v1,,,,2
677,IE,2025-02-07,19:22:51,2025-02-07,19:23:07,HU,MC43v1,77.0,2025-02-07,21:01:09,64
678,IE,2025-02-07,19:32:02,2025-02-07,19:32:08,HU,MC43v1,,,,0
679,IE,2025-02-07,20:06:08,2025-02-07,20:06:17,HU,MC43v1,84.0,2025-02-10,10:31:40,64
680,IE,2025-02-07,20:25:31,2025-02-07,20:25:38,HU,MC43v1,73.0,2025-02-11,21:50:34,63
681,IE,2025-02-07,20:31:21,2025-02-07,20:31:25,HU,MC43v1,,,,62
682,IE,2025-02-07,21:09:13,2025-02-07,21:09:19,HU,MC43v1,,,,0
683,IE,2025-02-07,21:10:08,2025-02-07,21:15:19,HU,MC43v1,94.0,2025-02-07,21:59:35,62
684,IE,2025-02-07,21:42:38,2025-02-07,21:42:43,HU,MC43v1,83.0,2025-02-07,22:03:59,51
685,IE,2025-02-07,22:11:48,2025-02-07,22:12:31,HU,MC43v1,87.0,2025-02-12,15:54:01,57
686,IE,2025-02-08,10:20:40,2025-02-08,10:20:52,HU,MC43v1,74.0,2025-02-08,13:35:42,66
688,IE,2025-02-08,13:41:01,2025-02-08,13:41:24,HU,MC43v1,91.0,2025-02-08,14:11:49,53
689,IE,2025-02-08,14:24:27,2025-02-08,14:24:32,HU,MC43v1,,,,0
690,IE,2025-02-08,14:39:41,2025-02-08,14:39:56,HU,MC43v1,62.0,2025-02-10,22:41:54,65
691,IE,2025-02-08,14:50:53,2025-02-08,14:51:02,HU,MC43v1,97.0,2025-02-12,20:13:59,66
692,IE,2025-02-08,16:55:24,2025-02-08,16:55:30,HU,MC43v1,75.0,2025-02-10,18:56:13,53
693,IE,2025-02-08,17:50:17,2025-02-08,17:50:21,HU,MC43v1,71.0,2025-02-12,16:32:24,51
694,IE,2025-02-08,20:16:19,2025-02-08,20:16:25,HU,MC43v1,,,,1
695,IE,2025-02-08,20:26:55,2025-02-08,20:34:54,HU,MC43v1,,,,5
696,IE,2025-02-08,21:03:07,2025-02-08,21:04:03,HU,MC43v1,,,,0
697,IE,2025-02-08,21:19:14,2025-02-08,21:19:28,HU,MC43v1,58.0,2025-02-09,15:56:53,66
698,IE,2025-02-08,22:55:36,2025-02-08,22:55:42,HU,MC43v1,59.0,2025-02-12,11:33:27,52
699,IE,2025-02-09,07:39:10,2025-02-09,07:45:52,HU,MC43v1,77.0,2025-02-09,21:25:53,66
700,IE,2025-02-09,11:22:47,2025-02-09,11:23:03,HU,MC43v1,81.0,2025-02-09,11:51:24,51
701,SE,2025-02-09,11:46:58,2025-02-09,11:48:20,NUIM,MC02v1,,,,0
702,IE,2025-02-09,11:54:44,2025-02-09,11:55:08,HU,MC43v1,,,,62
703,IE,2025-02-09,12:12:28,2025-02-09,12:13:06,HU,MC43v1,87.0,2025-02-09,14:02:28,66
704,IT,2025-02-09,13:11:12,2025-02-09,13:15:04,NUIM,MC01v1,,,,7
704,IT,2025-02-09,13:11:12,2025-02-09,13:13:27,NUIM,MC04v1,,,,1
705,IE,2025-02-09,13:33:52,2025-02-09,13:35:20,HU,MC43v1,91.0,2025-02-09,14:14:27,52
706,IE,2025-02-09,13:44:07,2025-02-09,13:44:15,HU,MC43v1,94.0,2025-02-13,17:19:19,52
707,IE,2025-02-09,15:09:00,2025-02-09,15:09:38,HU,MC43v1,94.0,2025-02-09,15:32:45,52
708,IE,2025-02-09,16:36:31,2025-02-09,16:36:41,HU,MC43v1,97.0,2025-02-09,17:04:53,40
709,IE,2025-02-09,16:37:23,2025-02-09,16:37:29,HU,MC43v1,80.0,2025-02-09,17:19:33,52
710,IE,2025-02-09,16:47:54,2025-02-09,16:48:12,HU,MC43v1,86.0,2025-02-10,19:17:24,66
712,IE,2025-02-09,17:21:47,2025-02-09,17:22:07,HU,MC43v1,,,,54
714,IE,2025-02-09,18:07:02,2025-02-09,18:09:12,HU,MC43v1,,,,29
716,IE,2025-02-09,18:45:54,2025-02-09,18:46:06,HU,MC43v1,90.0,2025-02-11,13:33:53,66
717,IE,2025-02-09,20:51:14,2025-02-09,20:51:41,HU,MC43v1,,,,0
718,IE,2025-02-09,21:40:11,2025-02-09,21:40:30,HU,MC43v1,71.0,2025-02-09,22:40:02,57
719,IE,2025-02-09,21:56:21,2025-02-09,21:56:28,HU,MC43v1,75.0,2025-02-11,20:45:28,65
720,IE,2025-02-09,22:48:57,2025-02-09,22:49:09,HU,MC43v1,97.0,2025-02-09,23:06:48,51
721,IE,2025-02-09,22:57:42,2025-02-09,22:57:51,HU,MC43v1,,,,0
722,IE,2025-02-09,22:58:37,2025-02-11,16:06:15,HU,MC43v1,70.0,2025-02-11,16:25:06,53
723,IE,2025-02-09,23:05:23,2025-02-09,23:07:12,HU,MC43v1,71.0,2025-02-10,00:03:10,56
724,IE,2025-02-09,23:52:28,2025-02-09,23:54:48,HU,MC43v1,,,,19
725,IE,2025-02-10,04:22:37,2025-02-10,04:22:40,HU,MC43v1,66.0,2025-02-10,04:45:11,51
726,IE,2025-02-10,08:37:56,2025-02-10,08:38:00,HU,MC43v1,94.0,2025-02-10,21:32:25,63
727,IE,2025-02-10,09:14:13,2025-02-10,09:14:28,HU,MC43v1,84.0,2025-02-10,10:04:20,60
729,IE,2025-02-10,09:43:10,2025-02-10,09:43:26,HU,MC43v1,,,,22
730,IE,2025-02-10,10:04:38,2025-02-10,10:05:31,HU,MC43v1,97.0,2025-02-10,10:28:09,52
731,IE,2025-02-10,10:45:15,2025-02-10,10:45:23,HU,MC43v1,76.0,2025-02-12,14:28:45,60
732,IE,2025-02-10,10:56:52,2025-02-10,10:57:19,HU,MC43v1,97.0,2025-02-10,17:23:21,60
733,IE,2025-02-10,11:03:40,2025-02-10,11:03:49,HU,MC43v1,70.0,2025-02-10,11:23:54,51
735,IE,2025-02-10,11:27:26,2025-02-10,11:27:32,UNIPAR,MC07v1,,,,0
736,IE,2025-02-10,11:43:35,2025-02-10,11:43:45,HU,MC43v1,97.0,2025-02-10,12:15:25,58
737,IE,2025-02-10,11:55:53,2025-02-10,11:56:02,HU,MC43v1,94.0,2025-02-10,12:29:11,47
738,IE,2025-02-10,12:06:50,2025-02-10,12:06:57,HU,MC43v1,,,,53
739,IE,2025-02-10,12:09:39,2025-02-10,12:10:23,HU,MC43v1,97.0,2025-02-10,12:26:50,52
740,IE,2025-02-10,12:23:39,2025-02-10,12:28:58,HU,MC43v1,,,,0
741,IE,2025-02-10,12:23:40,2025-02-10,12:23:46,HU,MC43v1,97.0,2025-02-12,10:14:01,51
742,IE,2025-02-10,12:38:50,2025-02-10,12:38:58,HU,MC43v1,94.0,2025-02-11,21:08:13,66
743,IE,2025-02-10,12:39:21,2025-02-10,12:39:34,HU,MC43v1,,,,0
744,IE,2025-02-10,12:45:16,2025-02-10,12:45:22,HU,MC43v1,,,,6
745,IE,2025-02-10,12:45:45,2025-02-10,12:45:49,HU,MC43v1,84.0,2025-02-12,11:29:10,55
746,IE,2025-02-10,12:49:46,2025-02-10,13:10:04,HU,MC43v1,,,,0
747,IE,2025-02-10,12:55:22,2025-02-10,12:55:28,HU,MC43v1,74.0,2025-02-10,13:42:54,51
748,IE,2025-02-10,13:11:08,2025-02-10,13:11:28,HU,MC43v1,80.0,2025-02-12,17:06:36,55
749,IE,2025-02-10,13:12:45,2025-02-10,13:12:51,HU,MC43v1,91.0,2025-02-10,13:32:12,51
750,IE,2025-02-10,13:12:48,2025-02-10,13:12:59,HU,MC43v1,97.0,2025-02-10,13:42:22,51
751,IE,2025-02-10,13:13:02,2025-02-10,13:13:17,HU,MC43v1,97.0,2025-02-10,13:32:02,51
752,IE,2025-02-10,13:16:03,2025-02-10,13:16:08,HU,MC43v1,57.0,2025-02-10,13:23:48,32
753,IE,2025-02-10,13:18:35,2025-02-10,13:18:39,HU,MC43v1,84.0,2025-02-12,17:35:29,52
754,IE,2025-02-10,13:19:46,2025-02-10,13:20:35,HU,MC43v1,74.0,2025-02-10,15:28:06,59
755,IE,2025-02-10,13:29:07,2025-02-10,13:29:15,HU,MC43v1,,,,3
757,IE,2025-02-10,13:34:37,2025-02-10,13:34:46,HU,MC43v1,94.0,2025-02-10,20:46:13,51
758,IE,2025-02-10,13:39:49,2025-02-10,13:39:56,HU,MC43v1,,,,0
759,IE,2025-02-10,13:55:41,2025-02-10,13:55:50,HU,MC43v1,83.0,2025-02-10,14:22:04,54
760,IE,2025-02-10,13:56:33,2025-02-10,13:56:38,HU,MC43v1,78.0,2025-02-10,14:22:25,52
761,IE,2025-02-10,13:56:38,2025-02-10,13:56:44,HU,MC43v1,81.0,2025-02-12,11:48:25,51
762,IE,2025-02-10,14:01:41,2025-02-10,14:02:16,HU,MC43v1,97.0,2025-02-12,13:06:50,55
763,IE,2025-02-10,14:13:36,2025-02-10,14:13:47,HU,MC43v1,91.0,2025-02-11,09:13:00,64
764,IE,2025-02-10,14:17:56,2025-02-10,14:20:36,HU,MC43v1,51.0,2025-02-10,15:00:17,55
765,IE,2025-02-10,14:19:15,2025-02-10,14:19:51,HU,MC43v1,63.0,2025-02-10,15:12:59,51
766,IE,2025-02-10,14:20:31,2025-02-10,14:20:37,HU,MC43v1,61.0,2025-02-10,14:33:32,51
767,IE,2025-02-10,14:24:51,2025-02-10,14:24:55,HU,MC43v1,87.0,2025-02-12,11:02:37,51
768,IE,2025-02-10,14:37:36,2025-02-10,14:38:42,HU,MC43v1,,,,0
769,IE,2025-02-10,14:42:43,2025-02-10,14:42:52,HU,MC43v1,,,,17
770,IE,2025-02-10,14:43:42,2025-02-10,14:43:45,HU,MC43v1,83.0,2025-02-10,15:05:19,52
771,IE,2025-02-10,14:44:29,2025-02-10,14:44:37,HU,MC43v1,,,,46
773,IE,2025-02-10,14:51:02,2025-02-10,14:53:32,HU,MC43v1,90.0,2025-02-10,15:10:15,55
774,IE,2025-02-10,14:59:37,2025-02-10,14:59:42,HU,MC43v1,,,,0
775,IE,2025-02-10,15:01:45,2025-02-10,15:03:18,HU,MC43v1,76.0,2025-02-10,20:27:25,63
776,IE,2025-02-10,15:10:47,2025-02-10,15:10:58,HU,MC43v1,,,,7
777,IE,2025-02-10,15:14:01,2025-02-10,15:14:08,HU,MC43v1,91.0,2025-02-11,12:43:33,51
778,IE,2025-02-10,15:28:36,2025-02-10,15:28:50,HU,MC43v1,94.0,2025-02-12,14:25:21,53
779,IE,2025-02-10,15:31:32,2025-02-10,15:31:39,HU,MC43v1,,,,1
780,IE,2025-02-10,15:41:07,2025-02-10,15:41:28,HU,MC43v1,83.0,2025-02-12,20:10:48,63
781,IE,2025-02-10,15:41:43,2025-02-10,15:41:50,HU,MC43v1,94.0,2025-02-12,11:48:45,52
782,IE,2025-02-10,15:54:41,2025-02-10,15:57:35,HU,MC43v1,88.0,2025-02-10,17:03:38,63
783,IE,2025-02-10,16:00:40,2025-02-11,16:53:40,DTU,MC27v1,,,,3
783,IE,2025-02-10,16:00:40,2025-02-11,16:20:00,UCOI,MC12v1,,,,14
784,IE,2025-02-10,16:00:44,2025-02-10,16:00:48,HU,MC43v1,,,,17
785,IE,2025-02-10,16:01:59,2025-02-10,22:29:18,HU,MC43v1,93.0,2025-02-11,23:47:12,66
786,IE,2025-02-10,16:07:34,2025-02-10,16:07:38,HU,MC43v1,81.0,2025-02-10,16:21:04,51
787,IE,2025-02-10,16:09:49,2025-02-10,17:45:43,NUIM,MC05v1,,,,12
788,IE,2025-02-10,16:38:38,2025-02-10,16:42:13,HU,MC43v1,,,,1
789,IE,2025-02-10,17:06:06,2025-02-10,17:06:13,HU,MC43v1,,,,0
790,IE,2025-02-10,17:13:45,2025-02-10,17:14:00,HU,MC43v1,82.0,2025-02-12,16:02:56,61
791,IE,2025-02-10,17:53:05,2025-02-10,17:53:10,HU,MC43v1,77.0,2025-02-10,19:54:06,66
792,IE,2025-02-10,18:02:11,2025-02-10,18:04:01,HU,MC43v1,55.0,2025-02-10,18:25:58,51
793,IE,2025-02-10,18:11:24,2025-02-13,10:34:32,HU,MC43v1,97.0,2025-02-13,11:26:28,54
794,IE,2025-02-10,18:14:46,2025-02-10,18:14:53,HU,MC43v1,87.0,2025-02-10,19:18:08,60
795,IE,2025-02-10,18:22:17,2025-02-10,18:22:29,HU,MC43v1,,,,20
796,IE,2025-02-10,18:36:48,2025-02-10,18:36:53,HU,MC43v1,87.0,2025-02-10,18:52:04,54
797,IE,2025-02-10,18:45:55,2025-02-10,18:46:02,HU,MC43v1,,,,23
798,IE,2025-02-10,18:56:58,2025-02-10,18:57:16,HU,MC43v1,94.0,2025-02-12,01:51:12,53
799,IE,2025-02-10,19:09:50,2025-02-10,19:09:56,HU,MC43v1,,,,16
800,TN,2025-02-10,20:03:12,2025-02-10,20:05:09,UNISS,MC23v1,79.0,2025-02-10,20:45:02,56
801,IE,2025-02-10,20:13:26,2025-02-10,20:13:55,HU,MC43v1,,,,2
802,IE,2025-02-10,20:31:35,2025-02-10,20:32:45,HU,MC43v1,72.0,2025-02-10,21:03:41,51
803,UA,2025-02-10,20:53:26,2025-02-10,21:02:58,HU,MC43v1,,,,2
804,IE,2025-02-10,20:55:12,2025-02-10,20:55:18,HU,MC43v1,83.0,2025-02-10,21:21:34,56
805,IE,2025-02-10,21:00:46,2025-02-10,21:01:12,HU,MC43v1,76.0,2025-02-11,17:39:55,53
806,IE,2025-02-10,21:52:14,2025-02-10,21:52:22,HU,MC43v1,97.0,2025-02-11,10:18:30,62
807,IE,2025-02-10,22:35:08,2025-02-10,22:36:03,HU,MC43v1,,,,2
808,IE,2025-02-10,23:19:37,2025-02-10,23:19:43,HU,MC43v1,,,,0
809,IE,2025-02-10,23:42:06,2025-02-10,23:42:16,HU,MC43v1,,,,0
810,IE,2025-02-11,00:08:50,2025-02-11,00:09:00,HU,MC43v1,,,,43
811,IE,2025-02-11,04:18:35,2025-02-11,04:18:40,HU,MC43v1,64.0,2025-02-11,04:33:40,51
812,ES,2025-02-11,08:26:07,2025-02-11,08:44:47,UGA,MC36v1,,,,0
812,ES,2025-02-11,08:26:07,2025-02-11,10:01:30,UNIPAR,MC09v1,,,,4
813,ID,2025-02-11,08:42:44,2025-02-11,08:43:57,UNISS,MC22v1,,,,3
814,IE,2025-02-11,09:33:29,2025-02-11,09:33:57,HU,MC43v1,90.0,2025-02-11,09:49:02,51
815,IE,2025-02-11,09:38:51,2025-02-11,09:39:58,HU,MC43v1,97.0,2025-02-11,10:04:24,51
816,IE,2025-02-11,09:39:59,2025-02-11,09:40:05,HU,MC43v1,80.0,2025-02-11,09:59:39,52
817,IE,2025-02-11,09:45:45,2025-02-11,09:47:34,HU,MC43v1,91.0,2025-02-13,10:03:10,55
818,PT,2025-02-11,09:51:36,2025-02-11,09:51:48,HU,MC43v1,,,,22
819,IE,2025-02-11,10:01:40,2025-02-11,10:02:03,HU,MC43v1,76.0,2025-02-11,12:05:14,60
820,IE,2025-02-11,10:13:29,2025-02-11,10:15:31,HU,MC43v1,90.0,2025-02-11,12:18:32,54
821,IE,2025-02-11,10:17:49,2025-02-11,10:18:28,HU,MC43v1,79.0,2025-02-11,10:37:03,51
822,IE,2025-02-11,10:17:59,2025-02-11,10:18:09,HU,MC43v1,97.0,2025-02-11,10:36:37,51
823,IE,2025-02-11,10:47:13,2025-02-11,10:47:17,HU,MC43v1,100.0,2025-02-12,15:17:28,53
824,IE,2025-02-11,10:52:39,2025-02-11,10:54:01,HU,MC43v1,97.0,2025-02-11,12:10:33,66
825,IE,2025-02-11,10:55:31,2025-02-11,10:55:46,HU,MC43v1,,,,0
826,IE,2025-02-11,10:57:29,2025-02-11,10:57:42,HU,MC43v1,97.0,2025-02-11,11:43:49,54
827,IE,2025-02-11,11:10:59,2025-02-11,11:14:03,HU,MC43v1,87.0,2025-02-11,11:26:50,51
828,IE,2025-02-11,11:25:34,2025-02-11,11:25:45,HU,MC43v1,82.0,2025-02-11,11:42:05,55
829,IE,2025-02-11,11:29:59,2025-02-11,11:30:22,HU,MC43v1,,,,3
830,IE,2025-02-11,11:57:14,2025-02-11,11:57:21,HU,MC43v1,81.0,2025-02-11,13:47:57,52
831,SE,2025-02-11,12:02:30,2025-02-12,14:20:53,DTU,MC30v1,,,,0
831,SE,2025-02-11,12:02:30,2025-02-12,14:16:56,UCOI,MC11v1,,,,0
832,IE,2025-02-11,12:10:38,2025-02-11,12:10:44,HU,MC43v1,97.0,2025-02-11,17:48:48,65
833,IE,2025-02-11,12:16:37,2025-02-11,12:20:08,HU,MC43v1,,,,0
834,IE,2025-02-11,12:18:13,2025-02-11,12:19:34,HU,MC43v1,,,,0
835,IE,2025-02-11,12:21:38,2025-02-11,12:21:52,HU,MC43v1,94.0,2025-02-11,12:52:56,53
836,IE,2025-02-11,12:32:41,2025-02-11,12:32:51,HU,MC43v1,91.0,2025-02-11,13:17:11,54
837,ES,2025-02-11,12:42:56,2025-02-11,12:57:35,UPV,MC19v1,,,,0
838,IE,2025-02-11,12:44:57,2025-02-11,12:47:39,HU,MC43v1,,,,0
839,IE,2025-02-11,13:01:08,2025-02-11,13:01:13,HU,MC43v1,74.0,2025-02-11,15:31:24,66
840,IE,2025-02-11,13:02:19,2025-02-11,13:02:47,HU,MC43v1,,,,1
841,IE,2025-02-11,13:02:20,2025-02-11,13:02:33,HU,MC43v1,,,,2
842,IE,2025-02-11,13:03:01,2025-02-11,13:05:52,HU,MC43v1,100.0,2025-02-11,13:33:08,65
843,IE,2025-02-11,13:05:38,2025-02-11,13:07:37,HU,MC43v1,94.0,2025-02-11,13:39:06,62
844,IE,2025-02-11,13:06:38,2025-02-11,13:07:07,HU,MC43v1,93.0,2025-02-11,13:42:33,66
845,IE,2025-02-11,13:07:57,2025-02-11,13:08:03,HU,MC43v1,,,,2
846,IE,2025-02-11,13:08:15,2025-02-11,13:09:19,HU,MC43v1,,,,0
847,IE,2025-02-11,13:09:42,2025-02-11,13:11:02,HU,MC43v1,78.0,2025-02-11,15:52:05,64
848,IE,2025-02-11,13:17:17,2025-02-11,13:17:30,HU,MC43v1,94.0,2025-02-12,11:27:27,51
849,IE,2025-02-11,13:28:02,2025-02-11,13:30:00,HU,MC43v1,91.0,2025-02-12,14:42:00,52
850,IE,2025-02-11,13:37:50,2025-02-11,13:37:54,HU,MC43v1,93.0,2025-02-11,18:59:43,51
851,IE,2025-02-11,13:49:13,2025-02-11,13:49:26,HU,MC43v1,83.0,2025-02-11,15:00:24,66
852,SE,2025-02-11,13:50:36,2025-02-11,13:51:20,UCOI,MC11v1,,,,0
853,IE,2025-02-11,13:54:44,2025-02-11,13:54:50,HU,MC43v1,97.0,2025-02-11,14:38:48,51
854,IE,2025-02-11,13:58:43,2025-02-11,13:58:51,HU,MC43v1,97.0,2025-02-11,14:17:45,51
855,IE,2025-02-11,13:59:57,2025-02-11,14:00:01,HU,MC43v1,,,,0
856,IE,2025-02-11,14:02:00,2025-02-11,14:02:05,HU,MC43v1,94.0,2025-02-11,16:35:39,65
857,IE,2025-02-11,14:02:28,2025-02-11,14:02:32,HU,MC43v1,97.0,2025-02-11,14:40:46,51
858,IE,2025-02-11,14:04:01,2025-02-11,14:04:22,HU,MC43v1,,,,0
859,IE,2025-02-11,14:06:19,2025-02-11,14:06:29,HU,MC43v1,83.0,2025-02-11,16:50:04,60
860,IE,2025-02-11,14:10:17,2025-02-11,14:10:48,HU,MC43v1,,,,38
861,IE,2025-02-11,14:37:46,2025-02-11,14:37:51,HU,MC43v1,97.0,2025-02-11,14:57:20,65
862,IE,2025-02-11,14:42:28,2025-02-11,14:43:15,HU,MC43v1,94.0,2025-02-12,11:27:28,51
863,SE,2025-02-11,14:43:47,2025-02-11,14:44:22,UPV,MC19v1,,,,0
864,IE,2025-02-11,14:58:21,2025-02-11,15:00:19,HU,MC43v1,94.0,2025-02-11,15:33:38,52
865,IE,2025-02-11,15:09:13,2025-02-11,16:36:17,HU,MC43v1,,,,4
866,IE,2025-02-11,15:28:43,2025-02-11,15:28:47,HU,MC43v1,,,,0
867,IE,2025-02-11,15:47:19,2025-02-11,15:47:27,HU,MC43v1,84.0,2025-02-11,16:04:59,51
868,IE,2025-02-11,16:08:01,2025-02-11,16:08:08,HU,MC43v1,,,,0
869,IE,2025-02-11,16:09:22,2025-02-11,16:10:13,HU,MC43v1,76.0,2025-02-11,18:10:13,66
870,IE,2025-02-11,16:12:48,2025-02-11,16:13:04,HU,MC43v1,86.0,2025-02-11,17:17:37,60
871,IE,2025-02-11,16:15:58,2025-02-11,16:16:03,HU,MC43v1,79.0,2025-02-11,17:01:56,57
872,IE,2025-02-11,16:16:53,2025-02-11,16:17:52,HU,MC43v1,91.0,2025-02-12,19:08:22,66
873,IE,2025-02-11,16:27:15,2025-02-11,16:27:23,HU,MC43v1,,,,3
875,IE,2025-02-11,16:32:30,2025-02-11,16:33:42,HU,MC43v1,,,,52
876,IE,2025-02-11,16:33:19,2025-02-12,00:48:44,HU,MC43v1,,,,0
877,IE,2025-02-11,17:03:29,2025-02-11,17:03:36,HU,MC43v1,,,,1
878,IE,2025-02-11,17:08:19,2025-02-11,17:08:40,HU,MC43v1,97.0,2025-02-11,19:25:24,66
879,IE,2025-02-11,17:11:42,2025-02-11,17:11:48,HU,MC43v1,78.0,2025-02-12,16:02:11,66
880,IE,2025-02-11,17:44:44,2025-02-11,17:49:29,HU,MC43v1,84.0,2025-02-11,18:45:58,52
880,IE,2025-02-11,17:44:44,2025-02-11,17:47:56,NUIM,MC02v1,,,,0
881,IE,2025-02-11,17:56:56,2025-02-11,17:57:07,HU,MC43v1,94.0,2025-02-12,12:23:47,66
882,IE,2025-02-11,18:35:38,2025-02-11,18:43:47,HU,MC43v1,,,,22
883,IE,2025-02-11,18:42:29,2025-02-11,18:44:10,HU,MC43v1,91.0,2025-02-11,20:04:38,60
884,IE,2025-02-11,18:56:15,2025-02-11,18:58:11,NUIM,MC02v1,,,,1
885,IE,2025-02-11,19:14:32,2025-02-11,19:14:38,HU,MC43v1,,,,1
886,IE,2025-02-11,19:54:06,2025-02-11,19:54:17,HU,MC43v1,93.0,2025-02-11,20:09:18,47
887,IE,2025-02-11,20:05:19,2025-02-11,20:05:23,HU,MC43v1,97.0,2025-02-11,20:21:22,51
888,IE,2025-02-11,20:07:16,2025-02-11,20:12:07,HU,MC43v1,77.0,2025-02-11,21:31:10,60
889,IE,2025-02-11,20:08:59,2025-02-11,20:09:06,HU,MC43v1,91.0,2025-02-11,20:37:11,66
890,IE,2025-02-11,20:18:47,2025-02-11,20:18:52,HU,MC43v1,57.0,2025-02-11,21:38:36,63
891,IE,2025-02-11,20:38:23,2025-02-11,20:38:28,HU,MC43v1,97.0,2025-02-11,20:55:20,64
892,IE,2025-02-11,22:08:35,2025-02-11,22:08:56,HU,MC43v1,,,,25
893,IE,2025-02-11,22:17:44,2025-02-11,22:17:47,HU,MC43v1,75.0,2025-02-11,22:34:13,51
894,IE,2025-02-11,22:51:07,2025-02-11,22:51:16,HU,MC43v1,,,,0
895,IE,2025-02-11,22:52:15,2025-02-11,22:52:22,HU,MC43v1,73.0,2025-02-11,23:57:57,66
896,IE,2025-02-12,00:42:35,2025-02-12,00:42:41,HU,MC43v1,97.0,2025-02-12,00:57:31,52
897,IE,2025-02-12,03:27:53,2025-02-12,03:28:14,HU,MC43v1,73.0,2025-02-12,09:44:52,64
898,SE,2025-02-12,08:15:05,2025-02-12,08:16:11,UNIPAR,MC08v1,,,,1
899,IE,2025-02-12,08:49:19,2025-02-12,08:49:32,HU,MC43v1,100.0,2025-02-12,09:09:29,52
900,IE,2025-02-12,09:03:11,2025-02-12,09:04:29,HU,MC43v1,,,,0
901,IE,2025-02-12,09:10:07,2025-02-12,09:10:15,HU,MC43v1,97.0,2025-02-12,12:46:13,53
902,IE,2025-02-12,09:35:59,2025-02-12,09:38:05,HU,MC43v1,,,,0
903,IE,2025-02-12,10:03:04,2025-02-12,10:07:49,HU,MC43v1,85.0,2025-02-12,10:30:24,52
904,IE,2025-02-12,10:03:34,2025-02-12,10:03:43,HU,MC43v1,84.0,2025-02-12,10:29:15,52
905,IE,2025-02-12,10:03:42,2025-02-12,10:04:09,HU,MC43v1,94.0,2025-02-12,12:15:27,66
906,IE,2025-02-12,10:06:26,2025-02-12,10:10:25,HU,MC43v1,75.0,2025-02-12,11:13:22,54
907,IE,2025-02-12,10:10:52,2025-02-12,10:16:19,HU,MC43v1,97.0,2025-02-12,11:44:43,63
908,ES,2025-02-12,10:11:22,2025-02-12,10:11:37,UPV,MC18v1,,,,0
909,IE,2025-02-12,10:23:02,2025-02-12,10:23:07,HU,MC43v1,,,,53
910,IE,2025-02-12,10:24:11,2025-02-12,10:24:25,HU,MC43v1,,,,0
911,FR,2025-02-12,10:32:57,2025-02-12,10:33:03,UGA,MC34v1,,,,0
912,IE,2025-02-12,10:39:21,2025-02-12,10:39:26,HU,MC43v1,,,,0
913,IE,2025-02-12,10:46:31,2025-02-12,10:48:04,HU,MC43v1,84.0,2025-02-12,12:44:16,57
914,IE,2025-02-12,10:47:19,2025-02-12,10:47:46,HU,MC43v1,83.0,2025-02-12,11:19:49,51
915,IE,2025-02-12,11:01:34,2025-02-12,11:01:47,HU,MC43v1,96.0,2025-02-12,11:37:01,66
916,IE,2025-02-12,11:05:23,2025-02-12,11:07:13,HU,MC43v1,93.0,2025-02-12,17:16:31,66
917,IE,2025-02-12,11:10:50,2025-02-12,11:14:58,HU,MC43v1,83.0,2025-02-12,14:46:20,63
918,IE,2025-02-12,11:17:00,2025-02-12,11:17:04,HU,MC43v1,55.0,2025-02-12,11:24:39,27
919,IE,2025-02-12,11:30:40,2025-02-12,11:30:45,HU,MC43v1,65.0,2025-02-12,12:11:17,51
920,IE,2025-02-12,11:33:43,2025-02-12,11:33:56,HU,MC43v1,75.0,2025-02-12,11:56:53,53
921,IE,2025-02-12,11:34:39,2025-02-12,11:34:45,HU,MC43v1,94.0,2025-02-12,13:51:00,65
922,IE,2025-02-12,11:54:17,2025-02-12,11:54:22,HU,MC43v1,81.0,2025-02-12,12:44:37,55
923,IE,2025-02-12,11:54:55,2025-02-12,11:55:04,HU,MC43v1,,,,40
924,IE,2025-02-12,12:03:50,2025-02-12,12:04:11,HU,MC43v1,97.0,2025-02-12,13:14:14,66
925,IE,2025-02-12,12:08:22,2025-02-12,12:11:39,HU,MC43v1,78.0,2025-02-12,23:33:40,62
926,IE,2025-02-12,12:14:57,2025-02-12,12:15:15,HU,MC43v1,94.0,2025-02-12,13:29:57,66
927,IE,2025-02-12,12:25:22,2025-02-12,12:25:32,HU,MC43v1,,,,1
928,IE,2025-02-12,12:29:39,2025-02-12,12:29:45,HU,MC43v1,57.0,2025-02-12,18:03:08,51
929,IE,2025-02-12,12:43:18,2025-02-12,12:43:21,HU,MC43v1,,,,0
930,IE,2025-02-12,12:47:19,2025-02-12,12:54:05,HU,MC43v1,93.0,2025-02-12,22:55:12,63
931,IE,2025-02-12,12:55:52,2025-02-12,12:56:43,HU,MC43v1,87.0,2025-02-13,14:56:59,60
932,IE,2025-02-12,13:18:08,2025-02-12,13:18:24,HU,MC43v1,87.0,2025-02-12,20:35:32,58
933,IE,2025-02-12,13:19:26,2025-02-12,13:19:35,HU,MC43v1,,,,66
934,IE,2025-02-12,13:22:36,2025-02-12,13:23:17,HU,MC43v1,,,,1
935,IE,2025-02-12,13:51:36,2025-02-12,13:51:46,HU,MC43v1,69.0,2025-02-12,14:34:09,63
936,IE,2025-02-12,13:57:47,2025-02-12,14:02:43,HU,MC43v1,88.0,2025-02-12,14:25:09,63
937,IE,2025-02-12,14:02:18,2025-02-12,14:03:03,HU,MC43v1,78.0,2025-02-12,16:45:22,53
938,IE,2025-02-12,14:04:14,2025-02-12,14:04:21,HU,MC43v1,97.0,2025-02-12,14:33:38,51
939,IE,2025-02-12,14:08:49,2025-02-12,14:08:58,HU,MC43v1,97.0,2025-02-12,14:25:34,51
940,IE,2025-02-12,14:11:02,2025-02-12,14:11:11,HU,MC43v1,,,,13
942,IE,2025-02-12,14:23:21,2025-02-12,14:23:57,HU,MC43v1,97.0,2025-02-12,14:37:38,51
943,IE,2025-02-12,14:24:24,2025-02-12,14:27:44,HU,MC43v1,78.0,2025-02-12,16:01:20,65
944,IE,2025-02-12,14:49:26,2025-02-12,14:49:37,HU,MC43v1,90.0,2025-02-12,15:24:24,66
945,IE,2025-02-12,15:06:29,2025-02-12,15:06:35,HU,MC43v1,65.0,2025-02-12,16:00:09,57
946,IE,2025-02-12,15:24:19,2025-02-12,15:24:34,HU,MC43v1,90.0,2025-02-12,15:48:50,51
947,IE,2025-02-12,15:25:02,2025-02-12,15:25:06,HU,MC43v1,,,,33
948,IE,2025-02-12,15:25:45,2025-02-12,15:25:56,HU,MC43v1,90.0,2025-02-12,15:48:46,51
949,IE,2025-02-12,16:06:30,2025-02-12,16:07:45,HU,MC43v1,,,,0
950,IE,2025-02-12,16:08:41,2025-02-12,16:08:52,HU,MC43v1,,,,0
951,IE,2025-02-12,16:08:52,2025-02-12,16:09:02,HU,MC43v1,,,,0
952,IE,2025-02-12,16:09:14,2025-02-12,16:09:20,HU,MC43v1,,,,0
953,IE,2025-02-12,16:09:32,2025-02-12,16:09:50,HU,MC43v1,79.0,2025-02-12,16:25:40,51
954,IE,2025-02-12,16:10:12,2025-02-12,16:10:49,HU,MC43v1,,,,0
955,IE,2025-02-12,16:10:43,2025-02-12,16:11:14,HU,MC43v1,,,,10
956,IE,2025-02-12,16:12:18,2025-02-12,16:12:24,HU,MC43v1,94.0,2025-02-12,16:26:19,51
957,IE,2025-02-12,16:15:54,2025-02-12,16:16:07,HU,MC43v1,,,,0
958,IE,2025-02-12,16:17:36,2025-02-12,16:17:59,HU,MC43v1,94.0,2025-02-12,16:28:08,51
959,IE,2025-02-12,16:32:19,2025-02-12,16:32:26,HU,MC43v1,,,,0
960,IE,2025-02-12,16:40:50,2025-02-12,16:41:42,HU,MC43v1,91.0,2025-02-12,17:47:32,66
961,IE,2025-02-12,17:08:49,2025-02-12,17:08:58,HU,MC43v1,88.0,2025-02-12,17:37:33,51
962,IE,2025-02-12,17:10:41,2025-02-12,17:10:49,HU,MC43v1,93.0,2025-02-12,17:28:17,64
963,IE,2025-02-12,17:11:08,2025-02-12,17:11:13,HU,MC43v1,,,,0
964,IE,2025-02-12,17:30:47,2025-02-12,17:30:56,HU,MC43v1,97.0,2025-02-12,18:05:57,64
966,IE,2025-02-12,17:50:02,2025-02-12,17:50:08,HU,MC43v1,91.0,2025-02-12,18:28:24,66
967,IE,2025-02-12,17:54:24,2025-02-12,18:00:21,NUIM,MC01v1,,,,12
967,IE,2025-02-12,17:54:24,2025-02-12,17:59:01,NUIM,MC02v1,,,,1
968,IE,2025-02-12,18:08:25,2025-02-12,18:08:35,HU,MC43v1,,,,6
970,IE,2025-02-12,18:14:56,2025-02-12,18:15:01,HU,MC43v1,87.0,2025-02-12,20:17:56,65
971,IE,2025-02-12,18:18:19,2025-02-12,18:18:25,HU,MC43v1,70.0,2025-02-12,18:34:45,66
972,IE,2025-02-12,18:32:27,2025-02-12,18:53:28,HU,MC43v1,,,,0
973,IE,2025-02-12,18:42:53,2025-02-12,18:43:15,HU,MC43v1,74.0,2025-02-12,20:40:11,55
974,IE,2025-02-12,20:13:47,2025-02-12,20:15:59,HU,MC43v1,,,,5
975,IE,2025-02-12,20:15:14,2025-02-12,20:15:21,HU,MC43v1,97.0,2025-02-12,20:59:52,52
976,IE,2025-02-12,20:31:50,2025-02-12,20:32:32,HU,MC43v1,97.0,2025-02-12,20:50:29,55
977,IE,2025-02-12,20:47:29,2025-02-12,20:47:48,HU,MC43v1,74.0,2025-02-13,00:49:19,54
978,IE,2025-02-12,21:53:40,2025-02-12,21:53:55,HU,MC43v1,83.0,2025-02-12,22:31:38,54
979,IE,2025-02-12,22:10:51,2025-02-12,22:10:58,HU,MC43v1,,,,38
980,IE,2025-02-12,22:12:17,2025-02-12,22:12:24,HU,MC43v1,97.0,2025-02-12,22:39:58,51
981,IE,2025-02-13,09:35:32,2025-02-13,09:35:58,HU,MC43v1,74.0,2025-02-13,10:11:27,53
982,IE,2025-02-13,09:59:14,2025-02-13,10:00:24,HU,MC43v1,77.0,2025-02-13,11:39:33,64
983,IE,2025-02-13,10:09:47,2025-02-13,10:09:51,HU,MC43v1,75.0,2025-02-13,10:57:48,54
984,IE,2025-02-13,10:32:05,2025-02-13,10:32:19,HU,MC43v1,77.0,2025-02-13,10:54:15,51
985,ES,2025-02-13,10:32:15,2025-02-13,10:34:54,UNIPAR,MC09v1,90.0,2025-02-13,11:00:10,33
986,IE,2025-02-13,10:50:00,2025-02-13,10:50:27,HU,MC43v1,97.0,2025-02-13,11:17:26,51
987,IE,2025-02-13,11:06:12,2025-02-13,11:06:18,HU,MC43v1,,,,46
988,IE,2025-02-13,11:10:46,2025-02-13,11:58:24,HU,MC43v1,86.0,2025-02-13,12:43:52,52
989,IE,2025-02-13,11:22:35,2025-02-13,11:23:51,HU,MC43v1,,,,0
990,IE,2025-02-13,11:22:57,2025-02-13,11:23:09,HU,MC43v1,96.0,2025-02-13,17:40:21,54
992,IE,2025-02-13,11:45:42,2025-02-13,11:46:05,HU,MC43v1,,,,36
993,IE,2025-02-13,11:54:09,2025-02-13,11:54:18,HU,MC43v1,90.0,2025-02-13,12:38:05,51
994,IE,2025-02-13,12:02:59,2025-02-13,12:03:10,HU,MC43v1,87.0,2025-02-13,12:33:29,59
995,IE,2025-02-13,12:34:58,2025-02-13,12:35:05,HU,MC43v1,93.0,2025-02-13,13:09:21,53
997,IE,2025-02-13,13:02:40,2025-02-13,13:02:55,HU,MC43v1,97.0,2025-02-13,13:57:03,66
998,IE,2025-02-13,13:08:12,2025-02-13,13:08:27,HU,MC43v1,75.0,2025-02-13,13:25:34,51
999,IE,2025-02-13,13:13:32,2025-02-13,13:13:36,HU,MC43v1,,,,1
1000,IE,2025-02-13,13:18:20,2025-02-13,13:18:26,HU,MC43v1,,,,0
1001,IE,2025-02-13,13:27:37,2025-02-13,13:27:56,HU,MC43v1,,,,2
1002,IE,2025-02-13,13:37:08,2025-02-13,13:37:17,HU,MC43v1,89.0,2025-02-13,14:32:24,51
1003,IE,2025-02-13,14:08:50,2025-02-13,14:08:58,HU,MC43v1,93.0,2025-02-13,17:35:58,65
1004,IE,2025-02-13,14:15:34,2025-02-13,14:15:40,HU,MC43v1,,,,2
1005,IE,2025-02-13,14:20:45,2025-02-13,14:20:53,HU,MC43v1,,,,23
1006,IE,2025-02-13,14:31:07,2025-02-13,14:31:28,HU,MC43v1,,,,1
1007,IE,2025-02-13,14:41:57,2025-02-13,14:42:36,HU,MC43v1,,,,51
1008,IE,2025-02-13,14:49:19,2025-02-13,14:50:27,HU,MC43v1,97.0,2025-02-13,15:47:33,66
1009,IE,2025-02-13,15:06:31,2025-02-13,15:06:54,HU,MC43v1,,,,0
1010,IE,2025-02-13,15:22:37,2025-02-13,15:22:55,HU,MC43v1,97.0,2025-02-13,15:53:59,53
1011,IE,2025-02-13,15:27:37,2025-02-13,15:28:53,HU,MC43v1,80.0,2025-02-13,15:41:42,51
1012,IE,2025-02-13,15:35:47,2025-02-13,15:35:53,HU,MC43v1,97.0,2025-02-13,15:49:14,51
1013,IE,2025-02-13,15:55:19,2025-02-13,15:55:24,HU,MC43v1,97.0,2025-02-13,16:20:23,51
1014,IE,2025-02-13,15:55:30,2025-02-13,15:55:38,HU,MC43v1,93.0,2025-02-13,17:04:42,65
1015,IE,2025-02-13,16:02:41,2025-02-13,16:26:23,HU,MC43v1,97.0,2025-02-13,17:44:23,58
1016,IE,2025-02-13,16:09:51,2025-02-13,16:13:09,HU,MC43v1,100.0,2025-02-13,16:31:27,51
1017,TN,2025-02-13,16:16:32,2025-02-13,16:18:56,UCOI,MC12v1,73.0,2025-02-13,16:52:17,59
1018,IE,2025-02-13,16:56:30,2025-02-13,16:56:36,HU,MC43v1,,,,1
1019,IE,2025-02-13,16:57:07,2025-02-13,16:57:19,HU,MC43v1,90.0,2025-02-13,17:31:55,53
1021,IE,2025-02-13,17:06:25,2025-02-13,17:06:32,HU,MC43v1,,,,51
1022,IE,2025-02-13,17:06:59,2025-02-13,17:07:04,HU,MC43v1,83.0,2025-02-13,17:52:22,52
1023,IE,2025-02-13,17:07:47,2025-02-13,17:07:54,HU,MC43v1,78.0,2025-02-13,18:16:31,66
1024,IE,2025-02-13,17:18:06,2025-02-13,17:18:16,HU,MC43v1,97.0,2025-02-13,17:53:00,54
1025,IE,2025-02-13,17:29:02,2025-02-13,17:29:10,HU,MC43v1,73.0,2025-02-13,17:42:00,51
1026,IE,2025-02-13,17:30:51,2025-02-13,17:30:56,HU,MC43v1,,,,23
1027,IE,2025-02-13,17:35:53,2025-02-13,17:36:02,HU,MC43v1,93.0,2025-02-13,18:14:21,65
1028,IE,2025-02-13,17:37:57,2025-02-13,17:38:08,HU,MC43v1,52.0,2025-02-13,18:14:18,32
1029,IE,2025-02-13,17:39:21,2025-02-13,17:39:25,HU,MC43v1,94.0,2025-02-13,18:12:33,52
1030,IE,2025-02-13,17:41:28,2025-02-13,17:42:01,NUIM,MC02v1,,,,66
1031,IE,2025-02-13,17:41:40,2025-02-13,17:44:04,HU,MC43v1,,,,3
1032,IE,2025-02-13,18:01:11,2025-02-13,18:01:16,HU,MC43v1,,,,51
1033,IE,2025-02-13,18:14:36,2025-02-13,18:17:10,HU,MC43v1,,,,10
